,day,temp,dewp,wdsp,NUM_COLLISIONS
1,1,83.6,63,4.1,0.479768786
2,3,80.3,54.1,3.8,0.554913295
3,4,79.8,56.7,2.9,0.843930636
4,5,81.8,65.6,3.6,0.173410405
5,6,86.7,64.3,3.8,0.632947977
6,7,81.9,62.3,3.1,0.768786127
7,2,84.9,65.9,3.1,0.341040462
8,1,80.6,65.5,3.1,0.265895954
9,3,78.5,56.8,3.5,0.465317919
11,5,77.1,62,1.9,0.557803468
12,6,77.4,60.2,2.3,0.592485549
13,7,78.9,60.7,3,0.667630058
14,2,78.5,62.7,3.5,0.473988439
15,1,79.7,68.6,2.8,0.352601156
16,3,79,67.9,4,0.450867052
17,4,84.6,63.3,3.5,0.797687861
18,5,85.3,69.1,3.7,0.540462428
19,6,73.3,67.2,3.4,0.433526012
20,7,67.2,62.8,6.5,0.670520231
21,2,68.1,58.5,4.1,0.450867052
22,1,72.5,59.4,2,0.36416185
23,3,76,67.2,3,0.384393064
24,4,80.3,67.3,6,0.583815029
25,5,76.5,53.5,4.2,0.693641618
26,6,78,62.4,4.3,0.670520231
27,7,76.6,69.3,4.4,0.768786127
28,2,75.5,69.6,3.9,0.407514451
29,1,71.7,66.1,3.2,0.011560694
30,3,73.1,65.1,2.2,0.456647399
31,4,73.4,64.3,3.8,0.485549133
32,5,72.2,68.4,2.5,0.705202312
33,6,75,68.4,2.7,0.572254335
34,7,77.9,70.8,4.4,0.62716763
35,2,77.9,71.7,4.1,0.566473988
36,1,78.1,72.4,6.1,0.421965318
37,3,77.3,66.9,5.5,0.638728324
38,4,75.2,58.1,1.2,0.505780347
39,5,77.8,67.1,1.1,0.450867052
40,6,78.2,69.6,2.3,0.604046243
41,7,75.3,71.3,5.4,0.708092486
42,2,77.7,71.5,6.9,0.39017341
43,1,77.8,65.4,5.7,0.384393064
45,4,76,62.6,2.3,0.427745665
46,5,73.6,68.9,3.5,0.664739884
47,6,74,64.3,3.1,0.696531792
48,7,77.9,60.7,3.3,0.583815029
49,2,69.8,63.7,4.1,0.485549133
50,1,68.7,55,1.3,0.274566474
51,3,71.4,56.7,0.8,0.291907514
52,4,72.8,57.2,2.5,0.317919075
53,5,73.8,60.3,1.7,0.38150289
54,6,74.7,61.7,2,0.583815029
55,7,77.3,60.9,2,0.661849711
56,2,75.7,65.2,3.2,0.294797688
57,1,73.9,62.4,4.6,0.286127168
58,3,71.9,66.3,2.7,0.50867052
59,4,77.9,67.4,6,0.621387283
60,5,73.3,53.2,4.7,0.514450867
61,6,72,49.4,2.5,0.710982659
62,7,78.7,56.1,3.9,0.950867052
63,2,81.6,61.3,4.7,0.413294798
64,1,75.4,65.9,3.2,0.141618497
65,3,73.8,65.1,4.5,0.002890173
66,4,72.6,68.4,4.7,0.676300578
67,5,75.2,71.5,5.4,0.661849711
68,6,73.2,65.3,2.3,0.578034682
69,7,77,67.8,2.7,0.89017341
70,2,75.3,69.6,5.8,0.653179191
71,1,68.4,57.3,3,0.265895954
72,3,65.4,49.1,5.7,0.765895954
73,4,62.8,41.8,3.1,0.430635838
74,5,68.5,49.7,2.1,0.806358382
75,6,70.4,54.8,3.2,0.751445087
76,7,70.5,57.7,2.3,0.684971098
77,2,67.2,54.1,5.1,0.534682081
78,1,65.1,46.5,1.9,0.248554913
79,3,66.5,48,2.2,0.231213873
80,4,70.6,64.8,5.5,0.531791908
81,5,66.7,56.1,6.3,0.693641618
82,6,61,48.3,4.6,0.433526012
83,7,64.7,53.7,4.7,0.815028902
84,2,66.3,60.6,5.6,0.505780347
85,1,63.8,50.3,6.4,0.312138728
86,3,59,40.4,3.3,0.549132948
87,4,62,43.4,4.9,0.641618497
88,5,67.7,56.8,4.3,0.092485549
89,6,69,60.4,1.8,0.716763006
90,7,65.2,61.8,5.1,0.956647399
91,2,62.4,58.8,3.9,0.326589595
92,1,60.5,52.5,3.9,0.222543353
93,3,60.6,46.8,4.7,0.528901734
94,4,63.7,54.2,2.4,0.638728324
95,5,65.6,64.3,3.5,0.375722543
97,7,67.8,59.7,3.3,0.927745665
98,2,66.1,57.9,5.2,0.369942197
99,1,52.5,42.3,2,0.315028902
100,3,49.9,42.9,3.5,0.011560694
101,4,53.8,48.5,5.6,0.572254335
102,5,58.2,53.8,5.2,0.774566474
103,6,53.4,35.3,5.5,0.823699422
104,7,51.2,35.9,5.3,0.641618497
105,2,45.2,25.9,3.1,0.505780347
106,1,58.7,45.9,5,0.419075145
107,3,65.3,57.8,4.5,0.679190751
108,4,55.8,42.5,5.8,0.664739884
109,5,51.9,38,1.3,0.702312139
110,6,56.8,46.7,3.1,0.74566474
112,2,62.7,58.6,6.3,0.621387283
113,1,56.5,39,5,0.156069364
114,3,57.8,40.1,4.3,0.684971098
115,4,59,44.9,2.2,0.433526012
116,5,57.1,53.5,4.1,0.352601156
117,6,58,51.3,3,0.401734104
118,7,60.8,53.4,1.5,0.653179191
119,2,61.9,53.9,4.3,0.439306358
120,1,57.7,50,11.9,0.089595376
122,4,53.9,48.9,8.9,0
123,5,49.7,43.2,5.5,0.511560694
124,6,47.7,37.4,6,0.193641618
128,3,42.3,27.3,5.5,0.309248555
129,4,36.6,17.4,4.8,0.410404624
130,5,37.1,27.1,10.1,1
131,6,41.2,35.1,15.2,0.514450867
132,7,43.3,25.8,9.6,0.913294798
133,2,48,35,2,0.208092486
134,1,54.7,45.1,1.6,0.445086705
135,3,56.7,50.2,2.9,0.505780347
136,4,52.4,47.5,6.1,0.797687861
137,5,42.8,29.9,7.7,0.731213873
138,6,40.4,25,5.3,0.725433526
139,7,41.9,29.5,5.8,0.867052023
140,2,43.6,27.9,4.7,0.49132948
141,1,43.2,31,5.5,0.213872832
142,3,43,34.8,6.3,0.615606936
143,4,44.4,32.8,3.6,0.86416185
144,5,46.5,32.7,4.2,0.916184971
145,6,47.3,36.2,3.4,0.034682081
146,7,48.3,40.8,3.4,0.315028902
147,2,44.1,27.7,7.6,0.248554913
148,1,36.6,17.2,7.1,0.124277457
149,3,40.3,19.7,4.9,0.552023121
150,4,38.7,27.2,4.4,0.60982659
151,5,37.5,28.8,7.1,0.404624277
152,6,37.5,21.9,5.8,0.413294798
153,7,41.3,25.8,4.7,0.589595376
154,2,38.5,32.1,9.2,0.312138728
155,1,44.3,41,3,0.239884393
156,3,53.5,45.3,3.9,0.719653179
157,4,51.9,47.1,2.9,0.719653179
158,5,52.6,41.5,6.3,0.410404624
159,6,35,16.8,3.6,0.716763006
160,7,38.8,30.9,1.9,0.988439306
161,2,47.3,46,3.5,0.601156069
162,1,46.2,41.7,5.4,0.497109827
163,3,50.3,49.5,5.7,0.713872832
164,4,50.1,43.2,6,0.595375723
165,5,40.1,23.6,3.3,0.514450867
166,6,40.3,24.6,1.7,0.5
167,7,41.4,23.2,4.1,0.797687861
168,2,42.6,27.1,2.8,0.436416185
169,1,44.5,37.8,6.5,0.369942197
170,3,42,40.4,9.5,0.800578035
171,4,47.3,44.5,7,0.789017341
173,6,39.8,29,8.5,0.676300578
175,2,37.4,25,10.6,0.49132948
176,1,37.8,20.5,7.6,0.104046243
177,3,37,19.8,3,0.421965318
179,5,32.2,25.3,9.5,0.459537572
180,6,39.1,37.1,12.4,0.442196532
181,7,33,22.4,10,0.534682081
182,2,32.5,26.2,5.3,0.202312139
183,1,32.4,21.1,11.9,0.112716763
184,3,31.5,17.2,6.8,0.317919075
185,4,38,25.6,15,0.023738872
186,5,27.5,12.1,12.4,0.317507418
187,6,21.8,7.8,9.8,0.522255193
188,7,32.2,21.1,11.3,0.391691395
189,2,37.3,24.5,13.2,0.047477745
190,1,35.7,31.3,5.9,0.059347181
191,3,35.9,31,8.5,0.439169139
192,4,39.8,34.1,10.4,0.415430267
193,5,39.9,37.6,5.3,0.338278932
194,6,43.5,30.4,14.7,0.540059347
195,7,38,31.4,5.4,0.851632047
196,2,42.7,41.5,7.9,0.302670623
197,1,45.4,44.9,5.8,0
198,3,47.2,47.1,8.2,0.50148368
199,4,42.3,38.3,8,0.424332344
200,5,41.6,40,8.8,0.608308605
201,6,39.4,34.6,8.6,0.350148368
202,7,28.1,16.6,15,0.557863501
203,2,35.9,26.6,15.3,0.329376855
204,1,46.3,41.2,14.9,0.059347181
206,4,26.3,18.1,10.8,0.507418398
207,5,16.2,-1.1,15.6,0.510385757
208,6,14.3,-1.9,15.5,0.537091988
209,7,19,3.3,13.6,0.893175074
210,2,24.4,16.6,10.5,0.548961424
211,1,21.7,4.7,16.3,0.166172107
212,3,27.3,10.8,7.4,0.397626113
213,4,35.4,34.9,4.9,0.50148368
214,5,45.1,44,12.4,0.367952522
215,6,46.5,40.3,23.1,0.649851632
216,7,33.1,15.5,18.2,0.596439169
217,2,27.6,10.4,12.5,0.477744807
218,1,30.7,24.5,9.8,0.213649852
219,3,29,16.9,15.5,0.534124629
220,4,28.7,16.6,8.2,0.572700297
221,5,34.8,30.4,6.1,0.572700297
222,6,29.4,13.4,10.2,0.454005935
223,7,34.3,28.5,16.3,0.979228487
224,2,29.2,25.8,35.3,0.089020772
225,1,24.7,14.7,16.4,0.080118694
226,3,36.4,32,9.8,0.302670623
227,4,41.4,36.6,11.9,0.370919881
228,5,36.1,25.2,7.7,0.584569733
229,6,36.6,29.3,8.9,0.765578635
230,7,38.6,33.2,6,0.685459941
231,2,39.2,35.8,8.6,0.225519288
232,1,30.9,25.6,23.6,0.21958457
233,3,24.6,7.6,22,0.074183976
234,4,36.7,25.4,10.6,0.308605341
235,5,38.7,28.9,16.9,0.40652819
236,6,30.6,14.1,17.3,0.370919881
237,7,35.4,25.4,14.2,0.46884273
238,2,36.3,29.8,7,0.439169139
239,1,42.6,40.7,17.1,0.15727003
240,3,37.5,30.4,13.4,0.347181009
241,4,35,26.7,5,0.486646884
242,5,44.1,41,18,0.525222552
243,6,41.4,38.9,7.8,0.427299703
244,7,39.3,34.2,10.6,0.682492582
245,2,38.2,29.1,9.4,0.299703264
246,1,37.4,29.3,7.1,0.382789318
247,3,37,26.4,11.5,0.664688427
248,4,38.5,29.8,14.9,0.456973294
249,5,39.1,34.2,13.5,0.302670623
250,6,38.3,35.2,31.6,0.480712166
252,2,39.2,31.7,24.9,0.581602374
253,1,39,31.7,11.9,0.12462908
254,3,39.9,34.7,6.5,0.442136499
255,4,46,43.9,13.1,0.516320475
256,5,46.3,41.1,13.1,0.78041543
257,6,37,25.3,10.4,0.545994065
258,7,31.2,13.7,18.5,0.694362018
259,2,37.1,22,10.2,0.439169139
260,1,34.8,21.5,7.5,0.15727003
261,3,32.1,15.5,9,0.741839763
262,4,39.6,35.5,16.5,0.551928783
263,5,36.5,25.7,17.9,0.495548961
264,6,38.3,29.9,10.9,0.400593472
265,7,34.3,27.6,13.6,0.685459941
266,2,38.5,21.7,15.9,0.341246291
267,1,39.1,23.3,10.4,0.231454006
268,3,38.1,29.8,9.7,0.370919881
269,4,39.8,28.7,15.5,0.154302671
270,5,41.7,30.3,9.4,0.201780415
271,6,42.5,34.5,12.5,0.522255193
272,7,45.2,34.3,8.9,0.43620178
273,2,44.5,35.1,7,0.415430267
274,1,43,38.1,7.1,0.15727003
275,3,47,42.9,16.3,0.314540059
276,4,39.6,18.8,17.2,0.189910979
277,5,42.6,15.7,17,0.471810089
278,6,39,18.8,14,0.572700297
279,7,42.9,38.5,8,0.620178042
280,2,40.2,22,12.5,0.46884273
281,1,39.7,28.6,9.2,0.231454006
282,3,50,41.6,9.4,0.620178042
283,4,49.4,43.4,10.7,0.712166172
284,5,46.5,42,8.8,0.614243323
285,6,46.2,41,10,0.427299703
286,7,43.6,35.7,13.8,0.818991098
287,2,44.4,39.7,12.9,0.540059347
288,1,46.1,38.4,7.7,0.293768546
289,3,46.1,34.2,8.1,0.682492582
290,4,46,40.5,9.3,0.566765579
291,5,52.1,42.7,11,0.480712166
292,6,46.5,37.3,8.8,0.534124629
293,7,52.6,49.4,12.5,0.584569733
294,2,52.7,49.6,15.2,0.471810089
295,1,45.1,28.5,11.7,0.290801187
296,3,43,29.8,11.3,0.569732938
297,4,44.6,40,15,0.415430267
298,5,47.5,43.6,19.2,0.667655786
299,6,50.8,45.1,10.4,0.623145401
300,7,49.5,37.8,6.5,0.896142433
301,2,46.6,34.7,3.9,0.427299703
302,1,48,38.5,3.9,0.198813056
303,3,49.7,37.9,4.3,0.667655786
304,4,51,30.2,5.2,0.602373887
305,5,49.9,41.4,7,0.602373887
306,6,49.9,42,5,0.629080119
307,7,46.9,39.7,13.7,0.928783383
308,2,47.8,38.7,13.7,0.614243323
309,1,47.8,39.9,10.1,0.421364985
310,3,49.2,43.4,5.5,0.557863501
311,4,54.4,49.9,4.5,0.649851632
312,5,59.4,54.7,10.5,0.732937685
313,6,57.2,53.6,6.2,0.679525223
314,7,56.1,51,8.3,0.964391691
315,2,56.2,53.1,9.4,0.445103858
316,1,56.2,53.1,11,0.456973294
317,3,53.1,37.1,11.9,0.605341246
318,4,51,35.3,11.8,0.569732938
319,5,53.1,44.5,12.1,0.471810089
320,6,57.7,50.1,12.5,0.551928783
322,2,54.6,45.2,5.1,0.394658754
323,1,56.3,49.4,6.6,0.507418398
324,3,57.5,54.5,10.3,0.84272997
325,4,58,55.5,7.8,0.961424332
326,5,57.8,55.1,7.1,0.584569733
328,7,61,58.7,14,0.87537092
329,2,55.6,52.3,7.6,0.418397626
330,1,50.2,41.8,13.9,0.243323442
331,3,56.9,42.8,14.1,0.139465875
332,4,56.6,49.6,6.4,0.928783383
333,5,57.9,54.7,10.9,0.596439169
334,6,60.9,56.2,11.6,0.925816024
336,2,60.9,57,10.9,0.765578635
337,1,61.8,58.6,12.6,0.338278932
338,3,60.8,59.8,12.7,0.991097923
340,5,58.6,45.6,5.7,0.670623145
341,6,58.6,51,7.5,0.6884273
343,2,62.3,59.6,19.1,0.587537092
344,1,63.6,57.2,8.1,0.474777448
345,3,62.2,56.1,6,0.744807122
346,4,60.8,59.5,13.2,0.777448071
347,5,64,55.9,14,0.71810089
348,6,60.8,52.4,8.7,0.477744807
349,7,55,50.7,18.3,0.949554896
350,2,62.4,52.3,7.4,0.661721068
351,1,61.3,57,9.2,0.308605341
352,3,63.2,59.2,9.1,0.715133531
353,4,60.9,58.6,4.9,0.712166172
354,5,62.6,54.4,12.2,0.738872404
355,6,60.6,53.1,5.6,0.913946588
356,7,62,56.1,8.3,0.940652819
357,2,63.4,58.5,8.2,0.670623145
358,1,64.9,60.9,9,0.391691395
359,3,66.8,64.5,12.1,0.910979228
360,4,69.7,63.8,10.2,0.816023739
361,5,69.5,64.6,9.9,0.735905045
362,6,65.5,64,5.4,0.667655786
363,7,66.1,64.8,12.9,0.697329377
364,2,66.2,64.9,13.7,0.646884273
365,1,65.4,64.2,8.8,0.148367953
366,3,66.7,65.3,10.4,0.771513353
367,4,67.7,65.5,9.5,0.676557864
368,5,68.7,67.2,9.5,0.777448071
369,6,69.8,68,11.9,0.192878338
370,7,71.6,68.2,12.4,0.602373887
371,2,73,69.2,13.1,0.424332344
372,1,74.4,69.8,9.1,0.302670623
373,3,72.6,68.9,10.7,0.724035608
374,4,72.7,69.3,7,0.623145401
375,5,71.1,69.7,7.1,0.715133531
376,6,71.8,69.7,9.5,0.525222552
377,7,69.4,67.8,6.7,0.670623145
378,2,67.9,66.3,6.2,0.599406528
379,1,72.9,70.5,5.3,0.290801187
380,3,76.3,71.2,5.7,0.617210682
381,4,77.4,68.4,7.3,0.620178042
382,5,72.9,65.8,5.6,0.700296736
383,6,75.6,69.6,6.8,0.78041543
384,7,73.9,71.4,9.6,0.961424332
385,2,74.5,71.7,11.8,0.528189911
386,1,72.8,69.1,5.3,0.21958457
387,3,68.3,65.9,5.1,0.646884273
388,4,72.1,70,8.1,0.587537092
389,5,74.9,71.6,8.4,0.587537092
390,6,67.7,62.8,13.8,0.397626113
391,7,66.1,64.4,15,0.724035608
392,2,69.1,66.1,8.8,0.424332344
393,1,69.8,68,6.5,0.332344214
394,3,69.2,67.1,5.3,0.664688427
395,4,71.2,64.3,7.8,0.62611276
396,5,70.6,62.6,6.7,0.534124629
397,6,68.9,64.7,5.3,0.801186944
398,7,69.7,66,8.3,0.75074184
399,2,69.3,66.1,10.9,0.353115727
400,1,69.4,61.9,8.3,0.240356083
401,3,68.1,54.5,12.2,0.510385757
402,4,66.2,54.5,5.3,0.504451039
403,5,64.5,55.9,5.1,0.400593472
404,6,67.8,64,6.7,0.522255193
405,7,70.7,68.8,13.1,0.611275964
406,2,72.4,66.5,11.2,0.362017804
407,1,69.5,56.7,7.5,0.320474777
408,3,68.2,63.2,7.2,0.433234421
409,4,67.8,66.7,3.4,0.53115727
410,5,68.4,59.6,9.6,0.738872404
411,6,67.2,52.7,10.2,0.670623145
412,7,67.4,59.7,8.2,0.90504451
413,2,67.3,59.8,3.2,0.388724036
414,1,64.8,58.4,3.3,0.204747774
415,3,65.5,60.8,8.1,0.264094955
416,4,71,64.7,7,0.50148368
417,5,70.3,66.7,6.5,0.560830861
418,6,70.5,68.9,9.8,0.608308605
419,7,70.6,65,12.1,0.78041543
420,2,66.2,55.2,10.7,0.456973294
421,1,64,54.6,6.7,0.255192878
422,3,68.3,64.1,11.2,0.439169139
423,4,68,66.6,8,0.394658754
424,5,66.4,64.6,6.8,0.323442136
425,6,65.7,63.7,11.3,0.590504451
426,7,65,59.2,10.8,0.670623145
427,2,69.4,67,10.9,0.317507418
429,3,70.8,68.7,7.7,0.172106825
430,4,70.1,69,6.8,0.528189911
431,5,68.5,61.9,8.8,0.685459941
432,6,67.4,62.1,10.4,0.356083086
433,7,60.3,47.8,5.3,0.448071217
434,2,63.6,50.4,10.2,0.629080119
435,1,68,59.3,13.3,0.376854599
436,3,59.8,42.5,8.2,0.768545994
437,4,65.5,57.5,10.1,0.759643917
438,5,69.9,66.8,10.9,0.602373887
439,6,70.2,67.6,11.4,0.955489614
440,7,69.1,67,8.9,0.827893175
441,2,64.5,57.6,9.1,0.433234421
442,1,61.2,50.7,6.6,0.305637982
443,3,62.4,54.8,7.4,0.584569733
444,4,56.1,43.1,16.3,0.753709199
445,5,56.1,42.7,5.8,0.587537092
446,6,62.4,54.6,9.6,0.483679525
447,7,62.6,58.5,6.2,0.765578635
448,2,63.6,60.3,7.8,0.513353116
449,1,66.3,63.4,9.8,0.629080119
450,3,57.5,44.9,10.4,0.854599407
451,4,54.5,42.7,8.4,0.71810089
452,5,55.3,45.3,4.5,0.492581602
453,6,56.8,46.4,8,0.424332344
454,7,58.1,51.2,11.5,0.534124629
455,2,59.2,50.1,7.4,0.516320475
456,1,54.9,50.1,7.8,0.394658754
457,3,59.5,54.3,10.4,0.6884273
458,4,62.1,51.8,8,0.721068249
459,5,64.8,58.1,8.7,0.81305638
460,6,65.8,56.3,6.5,0.643916914
461,7,62.8,57.5,5.2,0.845697329
462,2,61.3,57.7,4.2,0.367952522
463,1,59.1,54.8,7.2,0.091988131
464,3,65.7,62.3,11.9,0.727002967
465,4,61.5,51.6,12.2,0.596439169
466,5,56.4,44.3,11.6,0.462908012
467,6,58.4,52.6,11.6,0.551928783
468,7,60.6,56.6,13.3,0.735905045
469,2,58.6,53.4,13.2,0.543026706
470,1,55.1,45.6,11.4,0.382789318
471,3,51.5,44,4.6,0.198813056
472,4,53.9,47.3,6.3,0.71810089
473,5,57.5,55.4,9.3,0.519287834
474,6,59.4,57.4,6.1,0.596439169
475,7,62.3,57,11,0.910979228
476,2,57.3,45,6.2,0.290801187
477,1,58.3,47.4,9.4,0.347181009
478,3,54.4,41.1,7.1,0.721068249
479,4,59.1,52.4,6.1,0.495548961
480,5,52.5,44.6,7.9,0.548961424
481,6,48.4,34.5,10.8,0.768545994
482,7,48,30.2,9.2,0.81305638
483,2,49,32.9,13.7,0.75074184
484,1,54.3,38.7,13.8,0.412462908
485,3,50.7,33,10.3,0.732937685
486,4,47.5,34.1,6.8,0.673590504
487,5,46.8,38.6,5.2,0.548961424
488,6,54.8,50.9,6,0.71810089
489,7,62.3,59.7,18.2,1
490,2,57.4,55.2,5.6,0.528189911
491,1,49.4,43.7,12,0.12462908
492,3,42,26,13.9,0.845697329
493,4,43.5,30.4,3.9,0.40652819
494,5,46.5,41.4,3.7,0.777448071
495,6,57.8,55.7,11.4,0.810089021
496,7,47.1,32,13.7,0.916913947
497,2,41.7,22.4,12.9,0.587537092
498,1,52.5,39.7,13,0.299703264
499,3,47.1,30.4,15.9,0.246290801
500,4,45.7,36.8,16.5,0.81305638
501,5,33.5,20.7,12.6,0.652818991
502,6,42.8,27.4,14.2,0.732937685
503,7,53,39.1,12.3,0.724035608
504,2,51.2,43.6,6.5,0.709198813
505,1,48.9,45.9,7,0.471810089
506,3,55.9,53.7,13.5,0.706231454
507,4,47,29.2,14,0.673590504
508,5,38,21.5,14.5,0.694362018
509,6,39,26.7,4.9,0.756676558
510,7,46.2,41.9,5.6,0.976261128
511,2,47.3,34.3,9.9,0.483679525
512,1,30.5,9.2,18.3,0.359050445
513,3,27,4.4,15.4,1
516,6,40.1,28.4,14.9,0.166172107
517,7,31.2,12.9,8.7,0.189910979
518,2,31.3,15.4,6.5,0.314540059
519,1,43.1,35,10.9,0.139465875
520,3,44,42.1,7.1,0.522255193
521,4,41.8,38.2,11.7,0.534124629
522,5,39.8,31.7,6.4,0.43620178
523,6,43.4,40.5,7.4,0.59347181
525,2,39.7,34.5,11.8,0.575667656
526,1,34,19.4,8.8,0.246290801
527,3,40.8,36.3,11.2,0.789317507
528,4,38.8,35.1,9.1,0.492581602
529,5,31.8,20.6,12.8,0.6884273
530,6,28.1,11.3,11.5,0.816023739
531,7,28.1,12,12.7,0.955489614
532,2,26.9,15.8,10.7,0.940652819
533,1,40,37.1,18.9,0.228486647
534,3,32,15.5,12.5,0.792284866
535,4,28.6,15.9,9.6,0.979228487
536,5,35.4,30.1,13,0.973293769
537,6,39.1,27.5,13.8,0.694362018
538,7,42.5,37.5,7.4,0.893175074
539,2,47.6,45.6,9,0.65578635
540,1,51.9,51.2,15.2,0.391691395
541,3,48.7,47.5,6.7,0.991097923
542,4,38.4,34.9,13.4,0.421364985
544,6,33.3,26.8,7.8,0.163204748
545,7,33.1,22.7,10,0.305637982
546,2,39.3,29.8,10.4,0.302670623
547,1,43.2,40.6,7.8,0.06231454
548,3,42.5,36.9,14.1,0.305637982
549,4,28.5,16.8,10.1,0.272997033
550,5,28.2,10.4,11.3,0.060606061
551,6,31.1,22.4,10.9,0.622589532
552,7,24.2,20.2,26.9,0.126721763
553,2,18.8,10.9,12.1,0.112947658
555,3,46.3,45.1,14.8,0.388429752
556,4,23.9,10.4,17.6,0.314049587
557,5,18.2,5,12,0.658402204
558,6,23.5,8.3,7.9,0.506887052
559,7,28.8,22.6,5.8,0.798898072
560,2,44.8,43,13.4,0.242424242
561,1,45.1,38.4,14.7,0.03030303
562,3,38.6,31.2,7.7,0.526170799
563,4,45.5,43.2,11.8,0.50137741
564,5,41.1,38.4,6,0.567493113
565,6,40.8,39.3,5.9,0.396694215
566,7,38.6,35.8,3.7,0.584022039
567,2,38.8,35.8,7.9,0.195592287
568,1,36.1,29,16.5,0.008264463
571,5,25,20.3,25.7,0.333333333
572,6,16.5,5.1,11.1,0.64738292
573,7,14.8,-0.5,11.8,0.903581267
574,2,32,23,17,0.269972452
575,1,26.8,15.4,17.8,0.242424242
576,3,38.8,32.3,12.3,0.369146006
577,4,22.2,-1.3,10.7,0.349862259
578,5,20.3,10.4,8.1,0.749311295
579,6,22,5.8,8.1,0.771349862
580,7,33.7,26.7,9.1,0.504132231
581,2,35.6,25.1,4.8,0.358126722
582,1,39.3,37.2,8.7,0.110192837
584,4,32.5,26.2,7.8,0.650137741
585,5,32.3,29.1,9.2,0.250688705
586,6,30.4,24.5,11.5,0.52892562
587,7,28.1,15.7,9,0.820936639
588,2,28.2,14.2,8.6,0.129476584
589,1,30.3,18.2,4.9,0.201101928
590,3,28.9,18.8,9,0.829201102
591,4,24,6.4,9.2,0.713498623
592,5,23.7,10,10.5,0.724517906
593,6,37,32,13.4,0.192837466
595,2,35.2,28.8,11.8,0.38292011
596,1,29.8,22.4,20.2,0.239669421
597,3,24.3,8.9,13.1,0.314049587
598,4,28.2,18.5,12.7,0.388429752
599,5,35,29.4,12.3,0.482093664
600,6,39.6,32.2,10.4,0.493112948
601,7,42.2,40,10.4,0.462809917
602,2,41.4,36.5,11,0.578512397
603,1,42,36.9,9.1,0.101928375
604,3,37.5,25.8,10.3,0.52892562
605,4,27,8.7,15.5,0.374655647
606,5,25.8,12.6,8,0.369146006
607,6,24.7,11.2,8.4,0.534435262
608,7,20.3,0.3,12.5,0.76584022
609,2,24.1,12.5,5.2,0.330578512
611,3,27.3,20.3,11.2,0.173553719
612,4,24.8,12.2,8.3,0.426997245
613,5,29.5,18.3,7.1,0.314049587
614,6,26.3,14,16.4,0.49862259
615,7,29.4,20.9,8.4,0.429752066
616,2,40.3,33.2,11,0.380165289
617,1,35.2,21.7,8.9,0.074380165
618,3,33.5,24,6.1,0.374655647
619,4,41.3,34.1,9,0.366391185
620,5,43.4,37.1,9.6,0.380165289
621,6,32.2,27.9,14.7,0.462809917
622,7,25.4,9,15.1,0.573002755
623,2,41.3,34.3,12,0.391184573
624,1,35.3,16.8,10.7,0.096418733
625,3,28.5,12.1,14.2,0.391184573
626,4,27.7,14.7,8.7,0.479338843
627,5,35,23.6,9.7,0.407713499
628,6,41.7,37.6,14.9,0.688705234
629,7,39.3,28.2,14,0.584022039
630,2,38.1,27.9,11.2,0.319559229
631,1,38.9,25.3,9.5,0.137741047
632,3,27.4,8,13.4,0.468319559
633,4,26.5,10.5,4.1,0.267217631
634,5,30.8,22.2,28,0.512396694
635,6,28.4,8.6,18.2,0.443526171
636,7,41.2,35.6,13.7,0.421487603
637,2,44.9,42.2,10.2,0.52892562
638,1,46.3,44.7,13.8,0.165289256
639,3,37.8,35.3,21.3,0.50137741
640,4,37.1,29.8,17.6,0.473829201
641,5,39.3,28.6,5.6,0.391184573
642,6,40.9,30.9,8.4,0.592286501
643,7,40,30.2,7.7,0.674931129
644,2,44.8,39.6,13.8,0.55922865
645,1,41.1,25.3,12.5,0.29476584
646,3,42,33.9,7.4,0.429752066
647,4,47.7,45.8,14.7,0.630853994
648,5,46.8,36.1,10,0.600550964
649,6,41.6,28.9,8.8,0.738292011
650,7,48,40.6,13.4,0.639118457
651,2,50.1,40.8,8.6,0.553719008
652,1,47,40.4,8.8,0.289256198
653,3,52.2,47.8,14.4,0.377410468
654,4,52.6,48,16,0.20661157
655,5,42.9,32.6,19.2,0.531680441
656,6,37.5,23.8,15.2,0.360881543
657,7,40.4,32,9.1,0.327823691
658,2,45.7,35.3,5.9,0.407713499
659,1,44.2,31.2,9.2,0.044077135
660,3,43.1,36.9,6.2,0.396694215
661,4,49.5,43.2,5.6,0.225895317
662,5,49.5,45.4,8.6,0.438016529
663,6,49.6,28.7,19.1,0.575757576
664,7,49,32.3,10.5,0.661157025
665,2,44.9,36.6,12.2,0.47107438
666,1,42.4,36.2,4.8,0.198347107
667,3,46.5,37.2,13.7,0.606060606
668,4,44.2,36,16.5,0.490358127
669,5,43.5,36.5,12.3,0.754820937
670,6,50.3,48.3,13.3,0.752066116
671,7,51.9,44.7,10.2,0.884297521
672,2,50.9,41.1,6.4,0.58677686
673,1,51.4,42.6,12.8,0.203856749
674,3,53.7,40,10.2,0.663911846
675,4,52.2,40.5,5.7,0.517906336
676,5,51.6,38.3,6.8,0.622589532
677,6,52,43.4,7.5,0.603305785
678,7,51.5,44.5,6.7,0.570247934
679,2,54.8,49.9,11.1,0.473829201
680,1,58.3,49.5,12.6,0.570247934
681,3,57.8,46.2,9.1,0.561983471
682,4,51.8,43.8,14.1,0.504132231
683,5,51.2,44.3,9.8,0.719008264
684,6,57.8,51.8,9.6,0.776859504
685,7,58.3,52.8,11.8,0.889807163
686,2,57.7,54.1,12.5,0.666666667
687,1,56.5,46.1,8.5,0.358126722
688,3,56.9,41.8,9,0.537190083
689,4,56.4,45.7,10.4,0.752066116
690,5,56.3,47.6,6,0.545454545
691,6,50.3,46.2,6,0.595041322
692,7,54.9,48.6,7.3,0.779614325
693,2,54.6,46.9,15,0.300275482
694,1,53.7,44.4,5.4,0.261707989
695,3,56.7,51.1,10.3,0.154269972
696,4,61.1,52.9,10,0.738292011
697,5,51.1,48.4,15.2,0.443526171
698,6,52,42.7,11.2,0.787878788
699,7,49.7,42.2,5.7,0.752066116
700,2,53.9,46.5,12.4,0.578512397
701,1,58.4,43.5,11,0.625344353
702,3,57.4,46.6,6.8,0.732782369
703,4,58.2,47.9,8.8,0.787878788
704,5,55.2,51.2,8.3,0.564738292
705,6,60,57.2,7.1,0.52892562
707,2,65.6,54,8.6,0.67768595
708,1,64.9,55.5,4.8,0.38292011
709,3,61.2,57,5.6,0.415977961
710,4,63.8,60.7,5.6,0.52892562
711,5,61.2,54.4,11.3,0.548209366
712,6,61,53,13.4,0.512396694
713,7,61.7,58.6,14.4,0.91184573
714,2,66.5,63.8,5.7,0.650137741
715,1,66.1,54.5,10.9,0.269972452
716,3,65.2,50,7.5,0.674931129
717,4,62.5,55.2,8.2,0.796143251
718,5,71.6,62.9,10.1,0.787878788
719,6,67.3,61.5,6.5,0.820936639
721,2,59.9,46.2,5.1,0.495867769
722,1,63.2,49.2,6,0.275482094
723,3,62.1,50.3,4.1,0.73553719
724,4,60,51.9,5.3,0.702479339
725,5,66.8,61.6,8.3,0.741046832
726,6,66.7,64.4,10.2,0.807162534
727,7,63.9,53.8,13.6,0.779614325
728,2,62.2,51.9,4.8,0.644628099
729,1,64.7,57.9,5,0.44077135
730,3,67.3,61.6,8,0.641873278
731,4,68.6,65.1,9.1,0.658402204
732,5,69,66,10.2,0.774104683
733,6,69.1,67.3,8.5,1
735,2,67,55.8,21.2,0.35261708
736,1,68.2,59.1,14.1,0.203856749
737,3,68.6,62.8,13.9,0.652892562
738,4,69.5,66.2,11.8,0.597796143
739,5,69.4,66.7,12.3,0.52892562
740,6,69.4,66.1,6.1,0.570247934
741,7,69.1,62.4,4.3,0.730027548
742,2,65.7,58.8,4.4,0.476584022
743,1,68.7,63.6,9.7,0.170798898
744,3,69.7,67,12,0.523415978
745,4,71.4,69.1,13.1,0.578512397
746,5,70.4,68.5,13.7,0.479338843
747,6,70.4,63.7,4.5,0.578512397
748,7,69.6,59.4,5,0.680440771
749,2,65,54.1,5,0.283746556
750,1,65.2,57.9,10,0.203856749
751,3,65.9,63.3,12.8,0.495867769
752,4,67.1,63.5,5.4,0.578512397
753,5,69.2,65.9,9.9,0.58953168
754,6,69.6,66.7,8.5,0.446280992
755,7,67.4,60.8,5.9,0.760330579
756,2,66.9,63.2,6.9,0.432506887
757,1,68.6,65.2,7.6,0.272727273
758,3,69.4,66.9,10,0.600550964
759,4,68.9,62.8,10.5,0.41046832
760,5,67.3,60.6,5.5,0.628099174
761,6,67.7,62.9,6.3,0.685950413
762,7,67.5,62.9,5.3,0.798898072
763,2,64.3,60,6.5,0.449035813
764,1,66.4,64.6,5.1,0.272727273
765,3,68.2,65.5,5.2,0.584022039
766,4,69.2,67.4,6.6,0.630853994
767,5,70.1,65.7,4.3,0.509641873
768,6,69.3,60.6,6.3,0.573002755
769,7,66.3,57.6,7.4,0.61707989
770,2,70.4,61.3,6.4,0.443526171
771,1,69.1,61.4,4.6,0.371900826
772,3,66.3,59.2,3.6,0.625344353
773,4,67.2,62.2,7.8,0.314049587
774,5,66.6,63.5,15.5,0.537190083
775,6,67.8,60.8,9.7,0.683195592
776,7,66.8,59.2,8.8,0.399449036
777,2,66.3,58.8,8.2,0.311294766
778,1,68.3,64.7,6.8,0.272727273
779,3,67.9,57.7,7.8,0.600550964
780,4,63.9,56.9,4.1,0.38292011
781,5,63.8,55.9,6,0.479338843
782,6,67.1,60.6,7.7,0.523415978
783,7,63.9,60,7.9,0.526170799
784,2,65.6,60.1,10.8,0.212121212
785,1,63.9,56.8,9,0.165289256
786,3,63.3,56.5,3.8,0.473829201
787,4,63,56,3.5,0.636363636
788,5,67.5,64.7,7.3,0.443526171
789,6,71,62.4,8.8,0.663911846
790,7,67.2,53.4,10.8,0.699724518
791,2,60.1,51.2,6.3,0.366391185
792,1,69.1,65.6,9,0.325068871
793,3,71.5,69.2,9.3,0.041322314
794,4,71.1,69.4,6.8,0.889807163
795,5,74,65.1,9.7,0.55922865
796,6,69.4,60.8,5.2,0.964187328
797,7,70.3,67.2,7.5,0.743801653
798,2,72,69.9,10.7,0.484848485
799,1,70.1,62.9,11,0.275482094
800,3,63.6,55.3,7.8,0.608815427
801,4,64.6,56.5,10.9,0.592286501
802,5,66.2,61.2,11.3,0.663911846
803,6,64.4,60.3,6.4,0.666666667
804,7,67.1,58.8,11.4,0.972451791
805,2,59.9,53.2,7.6,0.49862259
806,1,62.2,54.3,9.6,0.415977961
807,3,57.5,47.6,3.6,0.641873278
808,4,61.2,50.8,6.5,0.650137741
809,5,61.9,54.4,4.6,0.774104683
810,6,61.1,47.4,5,0.752066116
811,7,57.2,42.7,12.5,0.746556474
812,2,57,47.3,7.7,0.597796143
813,1,66.1,63.2,8.1,0.380165289
814,3,67.9,61.5,12.3,0.785123967
815,4,59,42.3,9.3,0.592286501
816,5,58.9,51.3,6.7,0.520661157
817,6,59.7,55.3,8.9,0.314049587
818,7,63.1,59.1,15.8,0.732782369
819,2,63.5,55.3,6.2,0.614325069
820,1,63.3,58.5,4.4,0.371900826
821,3,65.9,63.2,6.7,0.520661157
822,4,63.3,61.3,7,0.584022039
823,5,62.4,60.6,13.2,0.50137741
824,6,59.9,56.3,17.6,0.49862259
825,7,58.5,54,13.1,0.94214876
826,2,59.4,57.3,5.7,0.424242424
827,1,59.6,50.4,11,0.35261708
828,3,55.7,42.6,6.9,0.721763085
829,4,63,57,11.5,0.669421488
830,5,65.2,60.4,12.3,0.721763085
831,6,60.8,45.9,12.6,0.336088154
832,7,59,44,8.9,0.451790634
833,2,52.9,48.1,8.1,0.465564738
834,1,53.3,43.7,9.2,0.26446281
835,3,50.9,43.2,4.2,0.203856749
836,4,63.2,58.4,8.2,0.8815427
837,5,64.9,62.1,9.5,0.545454545
838,6,65,63.4,12,0.619834711
839,7,63.2,59.7,9.7,0.746556474
840,2,62.7,58.8,7.5,0.32231405
841,1,56,45.2,10.7,0.292011019
842,3,49,32.4,11.8,0.58953168
843,4,57.7,52.3,10.5,0.633608815
844,5,57,55.4,12.8,0.91184573
845,6,59.5,57,10.7,0.721763085
846,7,54.3,51.1,15.7,0.804407713
847,2,54.7,45.9,10.7,0.380165289
848,1,57.6,45.4,13.1,0.380165289
849,3,54.1,40.5,12,0.730027548
850,4,54.3,48,6.1,0.534435262
851,5,61.9,59,9.8,0.493112948
852,6,56.1,45,8.9,0.685950413
853,7,51.3,43.6,7.9,0.801652893
854,2,53,46.9,18.8,0.768595041
855,1,43.5,38.4,32.8,0.426997245
856,3,44.6,20.6,18.9,0.683195592
857,4,52.7,37.7,6.9,0.443526171
858,5,57.7,52.4,11.1,0.487603306
859,6,53.6,48.7,5.6,0.757575758
861,2,43.9,29.7,13.9,0.457300275
862,1,53.2,42.7,9.1,0.115702479
863,3,48.2,42.2,4,0.504132231
864,4,51,47.2,8.2,0.319559229
865,5,56.5,53.5,5.2,0.465564738
866,6,49.8,41.1,8.4,0.878787879
867,7,43.7,34.9,11.1,0.763085399
868,2,37,20.6,10.7,0.418732782
869,1,38.1,26,5.6,0.143250689
870,3,52.1,48.9,9.5,0.796143251
871,4,48.9,39.6,17.1,0.922865014
872,5,33.6,14.6,14.4,0.70523416
873,6,45.7,32.6,16.1,0.710743802
874,7,36.8,15.4,15.8,0.826446281
875,2,37.1,19.7,15.9,0.371900826
876,1,52.6,41.5,18.3,0.132231405
877,3,54.8,52.5,15.5,0.950413223
878,4,56.7,53.5,11.2,0.611570248
880,6,41.8,36.7,13.8,0.002754821
881,7,37,30.9,12.6,0.184573003
882,2,30.9,16.8,6.6,0.046831956
883,1,46.1,38.6,9.8,0
884,3,53.2,49,9.8,0.73553719
885,4,42.5,32.4,14.9,0.644628099
886,5,51.2,48.4,14.5,0.52892562
887,6,43.1,28,11.5,0.630853994
888,7,39.3,27.7,9.3,0.815426997
889,2,48.9,45.2,9.8,0.691460055
890,1,41.9,34,25,0.319559229
891,3,35.4,24.7,19.6,0.556473829
892,4,48.7,45.1,19.6,0.738292011
893,5,47.9,44.8,8.6,0.749311295
894,6,40.8,33.7,19.3,0.804407713
895,7,37,27.8,8.2,0.85399449
896,2,36.9,27.7,9.8,0.597796143
897,1,39,30.1,10.9,0.170798898
898,3,37.8,31.6,5.8,0.944903581
899,4,44,37,4.2,0.738292011
900,5,48.6,45.7,8.8,0.490358127
901,6,42.4,32.2,14.1,0.672176309
902,7,37.3,26.2,9.6,0.757575758
903,2,38.2,30.8,8.3,0.35261708
904,1,41.4,34,7.1,0.08815427
905,3,42.9,37.4,7.5,0.520661157
906,4,47.4,44.2,11.1,0.977961433
907,5,50.7,49.2,10.2,0.391184573
909,7,44.8,33.5,10.4,0.190082645
910,2,43.7,36.4,7.4,0.079889807
912,3,41.2,27.8,8.4,0.093663912
913,4,32.1,15.4,11.9,0.253443526
914,5,26.9,8.3,7.5,0.231404959
915,6,31.8,15.1,13.6,0.035264484
916,7,40.4,21.5,13.1,0.153652393
917,2,34.5,19.8,11.1,0.188916877
918,1,48.6,46.9,15.5,0
919,3,44,32.1,16.3,0.294710327
920,4,20.8,5.2,10.3,0.997481108
921,5,22.6,10.2,12.1,0.395465995
922,6,13.1,-2.4,14.8,0.483627204
923,7,35.2,22.5,21,0.931989924
924,2,26.9,10,10.2,0.251889169
926,3,40.9,35.6,6.3,0.501259446
927,4,32.6,25.6,16.3,0.584382872
928,5,32.1,24,9.6,0.314861461
929,6,35.8,33.6,14.1,0.420654912
930,7,34.5,23.4,14.9,0.458438287
931,2,20.2,1.9,13.3,0.287153652
933,3,41.7,36,13.5,0.289672544
934,4,35.7,23.4,13.1,0.299748111
935,5,32.3,17.7,7.9,0.287153652
936,6,35.5,30.5,8.4,0.319899244
937,7,31.6,20.4,10.4,0.546599496
938,2,38.5,34.8,12.4,0.118387909
939,1,36.5,26.7,16,0.062972292
940,3,31.2,20.9,12.7,0.259445844
942,5,21.6,14.7,16.6,0.19395466
943,6,29.2,20.9,8.5,0.347607053
944,7,35.1,31.1,8.1,0.607052897
945,2,24.5,12.9,20.3,0.365239295
947,3,33.1,27.4,12.8,0.753148615
948,4,21,11.7,17.6,0.904282116
949,5,28.1,18.4,7.6,0.513853904
950,6,34.1,28.9,12.9,0.473551637
951,7,16.8,5,15.8,0.682619647
952,2,27.4,16,10.3,0.171284635
953,1,34.5,29.9,6,0.032745592
954,3,37.1,34.3,14.9,0.41813602
955,4,36.4,32.9,21.1,0.478589421
956,5,32.6,23.3,23.9,0.576826196
957,6,31,23.6,9.5,0.365239295
958,7,21.8,11,16.2,0.947103275
959,2,20.6,8.9,8.4,0.138539043
960,1,25.7,21,19.6,0.183879093
961,3,10.7,-4.6,22.7,0.052896725
962,4,21.7,11.8,7.7,0.602015113
963,5,30.6,24.5,8.8,0.617128463
964,6,27,19.7,11,0.337531486
965,7,14.1,-0.8,18.8,0.604534005
966,2,21.9,10.6,8.5,0.34256927
967,1,36,34,7.7,0.347607053
968,3,29.4,19.6,8.9,0.486146096
969,4,14.3,0.2,11.9,0.501259446
970,5,29.9,21.8,12.4,0.622166247
971,6,28,19.6,12,0.397984887
972,7,24.2,12.2,9.3,0.811083123
973,2,22.2,9.9,7.2,0.395465995
974,1,23.1,14.2,5.1,0.785894207
975,3,33.4,27.2,10.9,0.677581864
976,4,27,10.3,10.8,0.629722922
977,5,36.1,33.8,14.8,0.486146096
980,2,25,15.9,10.9,0.496221662
981,1,33.8,28,8,0.20906801
982,3,35.6,26.1,9.5,0.705289673
983,4,36.5,30.3,6,0.511335013
984,5,42.1,38.5,12.3,0.463476071
985,6,38.1,21.9,14.1,0.516372796
986,7,31.1,11.6,12.3,0.574307305
987,2,38.7,33.3,10.8,0.317380353
988,1,38.5,33.8,12.3,0.196473552
989,3,32.9,18.5,17.1,0.37279597
990,4,38.6,34.1,10.1,0.370277078
991,5,31,3.9,21.1,0.41813602
992,6,27.6,-1.5,18.3,0.506297229
993,7,30.3,13.2,6.3,0.476070529
994,2,34.2,31,8.5,0.317380353
995,1,35.1,18.8,15.7,0.128463476
996,3,27.2,1.4,14.9,0.516372796
997,4,31.4,16.3,6.7,0.554156171
998,5,33.6,24.1,6.7,0.395465995
999,6,42.6,39.7,12.8,0.362720403
1000,7,42.4,40,13.1,0.380352645
1001,2,37.4,34.5,12.7,0.196473552
1002,1,34.9,23.9,10.6,0.312342569
1003,3,36.8,28.3,11,0.440806045
1004,4,39.4,31.2,13.6,0.622166247
1005,5,37.9,24.8,11.5,0.672544081
1006,6,37.1,27.6,7,0.685138539
1007,7,45,41.6,14.6,0.277078086
1008,2,47.3,39.1,13.7,0.317380353
1009,1,41.6,27.3,12.5,0.103274559
1010,3,43.2,36.1,6.8,0.324937028
1011,4,44.2,40.5,9.3,0.17884131
1012,5,41.2,34.2,14.8,0.191435768
1013,6,39.4,35.5,18.7,0.17884131
1014,7,43.9,41.7,9.4,0.264483627
1015,2,47.8,40.7,12.4,0.491183879
1016,1,45,31.4,10.1,0.156171285
1017,3,45,38.2,9.1,0.435768262
1018,4,49.8,46.3,10.2,0.405541562
1019,5,50.6,35.8,6.9,0.539042821
1020,6,46.4,28.5,8.6,0.450881612
1021,7,47.5,43.2,12.5,0.750629723
1022,2,51.9,45.2,7.7,0.564231738
1023,1,46.3,37.4,11,0.226700252
1024,3,45.2,40.7,16.2,0.62720403
1025,4,51.5,48.6,14.3,0.664987406
1026,5,49.8,39.7,8.6,0.471032746
1027,6,46.9,37.6,13.4,0.58186398
1028,7,44,27.7,14.6,0.743073048
1029,2,43.7,27.5,12.9,0.531486146
1030,1,46.1,34,7.4,0.241813602
1031,3,49,37.9,8.9,0.445843829
1032,4,46,35.9,15.7,0.584382872
1033,5,49.3,38.5,7.8,0.750629723
1034,6,48.1,38.3,7.8,0.652392947
1035,7,43.8,37.2,13.3,0.65743073
1036,2,44.4,36.7,9.6,0.400503778
1037,1,44.5,38,5.3,0.438287154
1038,3,52.2,47.2,8.8,0.654911839
1039,4,57.1,48.6,11,0.647355164
1040,5,55.3,42.1,6.8,0.471032746
1041,6,55.9,42.3,7.2,0.763224181
1042,7,52.4,47.8,8.8,0.826196474
1043,2,54.3,50.9,6.4,0.450881612
1044,1,57,54.8,8.3,0.423173804
1045,3,57.9,55.9,11.1,0.664987406
1046,4,58.3,56.2,11.3,0.763224181
1047,5,59.5,47.2,12.2,0.690176322
1048,6,54,39.9,6.9,0.687657431
1049,7,54.4,46.4,9.7,0.861460957
1050,2,55.5,50.3,7.5,0.677581864
1051,1,63.1,56.2,9.1,0.408060453
1052,3,53.9,48.8,9.4,0.465994962
1053,4,51.4,49.9,8.6,0.56675063
1054,5,58.8,50.1,11.2,0.717884131
1055,6,54.8,41.1,7.7,0.589420655
1056,7,53.8,48,9.2,0.871536524
1057,2,54.8,33.2,15,0.415617128
1058,1,56.5,48.2,15.5,0.128463476
1059,3,58.9,52.6,11.4,0.098236776
1060,4,61.1,56.2,14.4,0.768261965
1061,5,62.4,57.8,13.4,0.795969773
1062,6,62.4,57.6,11.7,0.758186398
1064,2,63.3,59.9,8.5,0.607052897
1065,1,64.7,60.9,11.2,0.438287154
1066,3,55.9,52.8,12.7,0.780856423
1067,4,53.4,50.1,13.7,0.65743073
1068,5,53,44.9,13.9,0.697732997
1069,6,52.2,42.8,7.9,0.430730479
1070,7,53.1,46.6,7.3,0.783375315
1071,2,58,52.5,11.5,0.546599496
1072,1,59.5,45.8,7.7,0.44836272
1073,3,59.6,51.8,10.6,0.637279597
1074,4,64,59.9,14.2,0.682619647
1075,5,65.2,58.5,8.8,0.720403023
1076,6,64.6,59.7,11.8,0.717884131
1077,7,67,60.2,6.8,0.176322418
1078,2,68,61,10.9,0.035264484
1079,1,66.9,53.5,8.9,0.496221662
1080,3,57.8,51.4,9.9,0.314861461
1081,4,64.2,61.9,7.1,0.534005038
1082,5,64.8,53.9,14.5,0.818639798
1083,6,59.1,47.7,3.9,0.589420655
1084,7,65.6,58,7.4,0.884130982
1085,2,62,56,9,0.312342569
1087,3,67.1,62.7,6.2,0.989924433
1088,4,65.5,61.1,10.2,0.811083123
1089,5,70.8,62.5,9.4,1
1090,6,68.7,57.9,7.4,0.727959698
1091,7,66,60.5,7.9,0.989924433
1092,2,61.5,55.4,8.4,0.539042821
1093,1,64.4,61.6,13,0.38790932
1094,3,64.3,59.4,9.7,0.707808564
1095,4,67.1,61.8,7.1,0.607052897
1096,5,65.5,62.2,10.4,0.76070529
1097,6,68.7,62.5,7,0.559193955
1098,7,68.3,58.3,5.8,0.423173804
1099,2,62.9,55.4,6.2,0.020151134
1100,1,65.8,59.5,8.2,0.216624685
1101,3,69.2,64.4,8.2,0.546599496
1102,4,68.1,64.3,8.2,0.667506297
1103,5,70.6,67.8,9.8,0.602015113
1104,6,69.1,61.2,9.8,0.468513854
1105,7,65.2,60.1,7.9,0.826196474
1106,2,71.8,62.1,8.4,0.544080605
1107,1,71.5,64.6,9.3,0.352644836
1108,3,70.9,64.9,5.3,0.722921914
1109,4,67.4,63,9.2,0.695214106
1110,5,72.3,68.8,4.5,0.579345088
1111,6,67.3,57.3,16.6,0.768261965
1112,7,64.9,57.6,6,0.700251889
1113,2,67.8,60.5,9.7,0.453400504
1114,1,71.4,67.9,9,0.413098237
1115,3,73.4,69.9,9.3,0.871536524
1116,4,72.6,69.7,5.4,0.56675063
1117,5,73.7,65,9.2,0.59697733
1118,6,71.9,60.8,8.3,0.609571788
1119,7,71.7,60.3,7.5,0.274559194
1120,2,68.5,60.2,4.4,0.176322418
1121,1,65.8,61.6,8.5,0.428211587
1122,3,71.1,66.5,8.3,0.617128463
1123,4,72.4,68.7,7.2,0.659949622
1124,5,76,69.9,6.8,0.624685139
1125,6,74.2,70.7,9.7,0.846347607
1126,7,76.7,68.5,8.5,0.937027708
1127,2,73.4,68.5,9.2,0.722921914
1128,1,75.9,64.8,7.8,0.425692695
1129,3,74,68.2,8.9,0.816120907
1130,4,75,71.7,10.4,0.717884131
1131,5,74.5,68.8,7.8,0.599496222
1132,6,73.5,59.6,9.3,0.62720403
1133,7,71.2,61.9,7.4,0.869017632
1134,2,69.7,61.1,11.8,0.413098237
1135,1,67,62.1,13.1,0.272040302
1136,3,66.9,60.8,6.6,0.579345088
1137,4,67.9,64.4,12,0.554156171
1138,5,71.9,67.4,7.9,0.659949622
1139,6,71.1,65.8,5.2,0.838790932
1140,7,70.4,63.5,4.8,0.876574307
1141,2,71.8,67,6.7,0.506297229
1142,1,74.3,68.8,8.5,0.430730479
1143,3,74.1,70.4,8,0.531486146
1144,4,74.5,71,8.8,0.609571788
1145,5,73.9,70.1,5.4,0.536523929
1146,6,73.4,69.4,9.7,0.55163728
1147,7,73.6,70.2,9.7,0.937027708
1148,2,73.9,71.1,6,0.503778338
1149,1,73.4,69.9,7.6,0.279596977
1150,3,71.7,69.2,5.4,0.488664987
1151,4,72.8,68.7,7.4,0.539042821
1152,5,73.8,68.1,7.4,0.56675063
1153,6,72.3,60.6,8.5,0.586901763
1154,7,71.4,59.5,6.6,0.574307305
1155,2,70.3,62.5,7,0.397984887
1156,1,72.6,66.8,8.5,0.458438287
1157,3,74.8,69.6,11.2,0.586901763
1158,4,74.6,64.7,8.3,0.617128463
1159,5,66,62.6,5.3,0.687657431
1160,6,74.5,70,6,0.715365239
1161,7,70.6,65.2,12,0.659949622
1162,2,66.8,55.9,9.3,0.40302267
1163,1,66.6,55.9,4.7,0.309823678
1164,3,73,66.9,11.9,0.261964736
1166,5,75.8,71,10.3,0.904282116
1167,6,73.8,71.2,5.6,0.843828715
1168,7,68.6,65.6,12.6,0.967254408
1169,2,67.7,59.2,8.8,0.435768262
1170,1,68.2,65,8.4,0.244332494
1171,3,67.6,57.8,14.5,0.498740554
1172,4,70.8,58.4,10.1,0.498740554
1173,5,72.8,61.9,6.2,0.924433249
1174,6,69.3,65.6,5.9,0.914357683
1175,7,70.1,66.5,6.4,0.95465995
1176,2,70.4,66.2,5.2,0.690176322
1177,1,70.7,65.3,8.9,0.440806045
1178,3,63.9,52.9,17.3,0.61209068
1179,4,63.5,55.8,10.4,0.478589421
1180,5,62.4,55.2,9.8,0.302267003
1181,6,61.5,54.2,9.2,0.599496222
1182,7,61.2,50.2,10.3,0.513853904
1183,2,59.4,47.2,11.4,0.443324937
1184,1,59.4,50.9,7,0.282115869
1185,3,66.8,62,6.7,0.516372796
1186,4,69.3,65.6,7.8,0.443324937
1187,5,70.5,68.3,15.5,0.637279597
1188,6,59.7,55.3,21.4,0.76070529
1190,2,55.5,50.4,22.1,0.440806045
1191,1,56.2,46.7,19.2,0.390428212
1192,3,58.6,52.1,17.1,0.544080605
1193,4,59.4,51.7,10.5,0.629722922
1194,5,57,50.5,5.4,0.722921914
1195,6,59.8,51.9,8.2,0.717884131
1196,7,58.9,52.7,10.9,0.964735516
1197,2,59.2,49.2,13.1,0.675062972
1198,1,56,46.7,8.1,0.44836272
1199,3,60.2,55.1,7.6,0.312342569
1200,4,64.4,61.2,8.3,0.863979849
1201,5,63.8,57.7,11.2,0.697732997
1202,6,57.1,42,10.4,0.76070529
1203,7,60.1,47.3,11.7,0.743073048
1204,2,52.7,39.6,8.2,0.463476071
1205,1,46.1,28,13.7,0.428211587
1206,3,42.8,24.8,12.6,0.720403023
1207,4,58.2,45.6,21.3,0.838790932
1208,5,62.7,52.4,8.7,0.853904282
1209,6,60.5,55.7,9.7,0.717884131
1210,7,56.2,43,15.4,0.909319899
1211,2,51.5,38.3,9.4,0.347607053
1212,1,57,51.7,6.9,0.355163728
1213,3,52.3,39.8,12.9,0.798488665
1214,4,46.7,36.2,5.9,0.629722922
1215,5,53.8,46.9,13.2,0.77581864
1216,6,63.2,60.9,17.6,0.972292191
1217,7,57.4,41.6,11.1,0.773299748
1220,3,58.3,49.4,7.8,0.584382872
1221,4,54.4,50.7,6.4,0.690176322
1222,5,57,49.3,7.4,0.732997481
1223,6,58.9,55.9,7.6,0.778337531
1224,7,62.3,60.4,11.3,0.591939547
1225,2,61.4,54.7,10.9,0.299748111
1226,1,53.2,35.5,11,0.229219144
1227,3,51.4,37.7,7.9,0.589420655
1228,4,55.8,50.8,7.9,0.947103275
1229,5,56.1,53.7,20.5,0.375314861
1230,6,52.5,49,11.5,0.644836272
1231,7,58.3,47.5,16.9,0.74559194
1232,2,49,29,18.7,0.584382872
1233,1,47.6,32.3,14.3,0.299748111
1234,3,54,41.2,8.3,0.59697733
1235,4,45.3,31.2,11.9,0.763224181
1236,5,42.9,33.8,3.2,0.622166247
1239,2,48.8,34.7,14.3,0.544080605
1240,1,50.1,45.5,6.6,0.125944584
1241,3,45.2,35.2,17.4,0.813602015
1242,4,37.5,17,11.7,0.886649874
1243,5,39.6,26.8,4.3,0.846347607
1244,6,50.1,41.2,10.8,0.005037783
1245,7,52.6,48.4,7.5,0.249370277
1246,2,54.5,50.4,9.4,0.319899244
1247,1,46.1,38.8,9.4,0.181360202
1248,3,40.5,26.7,11.3,0.579345088
1249,4,40.1,32.7,7.9,0.919395466
1250,5,53.6,51.9,9.1,0.690176322
1251,6,53.5,47.1,13,0.609571788
1252,7,45.6,32,10.9,0.753148615
1253,2,45.6,34,6.1,0.624685139
1254,1,45.4,40.9,6.2,0.261964736
1255,3,50.8,45.5,9.2,0.722921914
1256,4,47.4,42.3,11.3,0.59697733
1257,5,43.7,32.9,8.7,0.488664987
1258,6,51.1,46.4,9.3,0.722921914
1259,7,52.2,50,5.8,0.788413098
1260,2,55,46.1,9.8,0.496221662
1261,1,53.6,46.9,7.5,0.423173804
1262,3,52.6,48.2,7.9,0.644836272
1263,4,58,51.5,15,0.942065491
1264,5,46.5,35.5,12.3,0.735516373
1265,6,48.9,43.7,9.7,0.916876574
1266,7,54.2,52.4,11.3,0.972292191
1267,2,42.1,24.9,16.7,0.61209068
1268,1,38.5,19.5,14,0.299748111
1269,3,49.5,40.8,14.3,0.58186398
1270,4,54.8,52.1,11.3,0.801007557
1272,6,57.7,55.8,15.6,0.559193955
1274,2,51.4,42.3,11.3,0.035264484
1275,1,52.9,49,13.1,0.345088161
1276,3,40.9,30,18.5,0.274559194
1277,4,42.8,35.9,15.6,0.382871537
1278,5,44.8,40.6,8.8,0.302267003
1279,6,46.5,41.8,11,0.367758186
1280,7,41.2,28,10.2,0.012195122
1281,2,37.7,22.9,12.5,0.082926829
1282,1,44.4,29.4,15.5,0.107317073
1283,3,38.2,27.4,13.5,0.519512195
1284,4,27.7,18.1,20.3,0.614634146
1285,5,33.5,19.3,8.3,0.57804878
1286,6,40.5,29.9,6.8,0.375609756
1287,7,41.3,33.1,11.8,0.52195122
1288,2,45.9,38.6,9.3,0.404878049
1289,1,51.3,49,16.2,0.180487805
1290,3,43.2,30.5,17.5,0.712195122
1291,4,33,19.1,7.9,0.607317073
1292,5,32.9,18.2,18,0.529268293
1293,6,28.9,14.7,11.4,0.509756098
1294,7,36.5,25.6,7.2,0.814634146
1295,2,45.7,42.5,15.7,0.426829268
1296,1,40.2,32.3,7.7,0.153658537
1297,3,34.4,24.9,15.3,0.226829268
1298,4,25.5,4.8,21.7,0.668292683
1299,5,29.4,11.2,18.9,0.573170732
1300,6,30.9,10.8,14.5,0.67804878
1301,7,28,11.8,13.1,0.765853659
1302,2,34.6,25.4,17.5,0.034146341
1303,1,34.5,27.9,25.6,0.314634146
1304,3,33.5,21.2,6.5,0.658536585
1305,4,42.2,36.4,11.1,0.843902439
1306,5,43,36.7,9.4,0.687804878
1307,6,35,24.4,4.3,0.714634146
1308,7,41.3,36.8,5.9,0.626829268
1309,2,37.8,27.3,11.6,0.507317073
1310,1,45,39,12.5,0.351219512
1311,3,47.6,43.1,11.8,0.8
1312,4,43.2,32.2,6.5,0.787804878
1313,5,42.6,37.8,11.9,0.465853659
1314,6,51.6,49.4,13,0.53902439
1315,7,40.8,38.4,17.9,0.534146341
1316,2,32.3,23.3,12.1,0.402439024
1317,1,38.7,30.1,6.7,0.085365854
1318,3,36.4,31.4,25.8,0.275609756
1319,4,33.1,27.8,11.5,0.446341463
1320,5,33.5,28,4.2,0.363414634
1321,6,31.5,21.3,11.2,0.570731707
1322,7,19.3,4.2,14,0.585365854
1323,2,23.5,11.8,12.2,0.224390244
1326,4,44.5,41.7,18.5,0.553658537
1327,5,41.5,35.8,12,0.334146341
1328,6,36,23.1,12.5,0.497560976
1329,7,34.7,21.7,10.7,0.351219512
1330,2,42.8,36.4,12.5,0.407317073
1331,1,46.8,38.5,11.2,0.226829268
1332,3,41.8,31.7,9.2,0.553658537
1333,4,36.5,26.3,9.9,0.573170732
1334,5,46.9,43.7,12.7,0.663414634
1335,6,51,47.1,20.9,0.670731707
1336,7,40.2,23.9,20.8,0.214634146
1337,2,30.7,11.4,11.6,0
1338,1,42.8,31.7,16.6,0.295121951
1339,3,47.8,40.9,17,0.556097561
1340,4,43.2,29,12.1,0.668292683
1341,5,45.7,38.8,18.2,0.646341463
1342,6,29.9,11.8,12.2,0.57804878
1343,7,33.9,26.2,8.5,0.724390244
1344,2,34.8,22.6,20.8,0.519512195
1345,1,33.2,18.7,3.1,0.273170732
1346,3,36.8,26.1,9,0.446341463
1347,4,44.4,36.5,8.5,0.595121951
1348,5,46.4,41.8,9.4,0.663414634
1349,6,49.6,43.8,10.9,0.587804878
1350,7,46.8,42.9,10.1,0.692682927
1351,2,41.2,35.4,6.6,0.57804878
1352,1,50.1,35.2,11.8,0.114634146
1353,3,43.8,33.8,12.3,0.614634146
1354,4,48.3,45.7,17.3,0.536585366
1355,5,45.2,41.9,15.7,0.587804878
1356,6,45.4,42.5,8.5,0.546341463
1357,7,47,37,12.3,0.624390244
1358,2,40,21.4,10,0.370731707
1359,1,37.2,22.6,11.3,0.22195122
1360,3,37.4,32,16,0.558536585
1361,4,40.8,23.9,16,0.585365854
1362,5,48.6,40.2,13.5,0.568292683
1363,6,45.1,38.1,11.3,0.602439024
1364,7,50.8,48.5,10.8,0.385365854
1365,2,44.8,37.6,15.1,0.346341463
1366,1,40,32.8,5.4,0.173170732
1367,3,45.1,41.4,11.8,0.658536585
1368,4,48.6,34.9,19.6,0.719512195
1369,5,43.4,24.8,13.2,0.63902439
1370,6,51,44.6,13.1,0.643902439
1371,7,54.8,52.5,18.2,0.765853659
1372,2,50.4,47.7,8.5,0.509756098
1373,1,41.7,32.9,17.5,0.480487805
1374,3,36.5,22.1,10.3,0.719512195
1375,4,35.1,23.5,19.5,0.692682927
1376,5,37,15.3,10.7,0.585365854
1377,6,50.9,44.8,21.9,0.590243902
1378,7,49.7,43.2,15.9,0.751219512
1379,2,41.8,25.1,9.7,0.412195122
1380,1,40.6,23.9,15.7,0.270731707
1381,3,47.8,38.9,12.8,0.575609756
1382,4,52.5,48.6,13.6,0.609756098
1383,5,46.7,34.2,12.9,0.76097561
1384,6,44,32.4,15.8,0.697560976
1385,7,46.4,28.4,17.6,0.841463415
1386,2,44.3,33.2,22.9,0.709756098
1387,1,45.8,36.5,15.4,0.43902439
1388,3,49.5,35.9,6,0.729268293
1389,4,46.9,40,7.9,0.83902439
1390,5,47.3,33.8,11.7,0.753658537
1391,6,49.6,39,13.4,0.746341463
1392,7,55.4,48.4,10.2,0.86097561
1393,2,53.4,49.8,9.3,0.636585366
1394,1,49.1,31.2,13.4,0.146341463
1395,3,48.4,36.3,9.2,0.243902439
1396,4,46.8,42.8,9.4,0.22195122
1397,5,45,36.9,7.8,0.297560976
1398,6,47.7,34.1,10.1,0.246341463
1399,7,46.1,33.9,9.4,0.314634146
1400,2,47.3,33.1,8.7,0.470731707
1401,1,45.2,36.3,6.1,0.234146341
1402,3,51.3,48,10.6,0.490243902
1403,4,48.2,45,9,0.787804878
1404,5,47.3,43.5,12.8,0.646341463
1405,6,45.5,43.9,21.5,0.580487805
1406,7,48.5,43.5,16.5,0.829268293
1407,2,52.5,48.8,8.1,0.446341463
1408,1,48.5,46.1,9.6,0.495121951
1409,3,54,40.6,13.8,0.629268293
1410,4,51.9,38.2,9,0.536585366
1411,5,55.6,42.2,7.6,0.758536585
1412,6,55.2,45.5,4.4,0.868292683
1413,7,55.5,51.7,8.3,0.92195122
1415,1,55.7,46.4,16.3,0.297560976
1416,3,50.8,31.4,19.8,0.863414634
1417,4,55,44.5,11.9,0.575609756
1418,5,55.5,45.2,11,0.702439024
1419,6,53.9,44.5,6.7,0.746341463
1420,7,56.4,47.9,6.6,0.96097561
1421,2,55.7,48.8,6.5,0.43902439
1422,1,56.3,52.2,14.2,0.446341463
1423,3,59.4,50.3,9.6,0.643902439
1424,4,54.6,52,10.7,0.748780488
1425,5,57.9,53.4,8.7,0.841463415
1426,6,65.7,53.9,7.7,0.863414634
1427,7,60,55.8,8.2,0.924390244
1428,2,62.5,57.3,11.6,0.582926829
1429,1,64.6,58.2,7.7,0.434146341
1430,3,62.4,60.5,9,0.202439024
1431,4,62.8,60.6,10.1,0.907317073
1432,5,64,56.4,9.1,0.936585366
1433,6,55.7,53.5,9.3,0.719512195
1434,7,58.4,55.9,6.7,0.785365854
1435,2,60.2,58,5.3,0.602439024
1436,1,58.4,56.9,10.3,0.190243902
1437,3,62.9,61.1,12.3,0.902439024
1438,4,61.2,59.8,8.7,0.782926829
1439,5,61.7,55.2,12.6,0.914634146
1440,6,59.9,46.7,16.7,0.726829268
1442,2,58.1,53.3,9.6,0.47804878
1443,1,66,56,12.5,0.485365854
1444,3,61.5,47.2,13.3,0.629268293
1445,4,62.2,50,12.9,0.802439024
1446,5,63.7,55,8.9,0.856097561
1447,6,65.2,56.3,6.6,0.734146341
1448,7,63,51.5,7.4,0.87804878
1449,2,62.6,53.5,7.3,0.76097561
1450,1,59.9,51.5,9.8,0.417073171
1451,3,61.4,55.9,8.6,0.870731707
1452,4,63.6,59.9,12.2,0.714634146
1453,5,65.6,60.2,7.9,0.885365854
1454,6,63,59.4,7,0.62195122
1456,2,62.1,52.1,8,0.731707317
1457,1,60.8,49.4,5.7,0.473170732
1458,3,64.3,58.3,9.3,0.804878049
1459,4,66.1,64,8.1,0.7
1460,5,67.2,64.8,7.5,0.729268293
1461,6,68.9,63.6,6.4,0.909756098
1462,7,66.9,63.6,8.7,0.887804878
1463,2,69.4,62.8,11.8,0.443902439
1464,1,67.2,58,9.6,0.146341463
1465,3,68.4,62.6,11.7,0.243902439
1466,4,67.1,65.3,9.2,0.670731707
1467,5,71.8,65.3,6.5,0.712195122
1468,6,68.7,66.7,5.9,0.524390244
1469,7,65.7,64.2,10,0.546341463
1470,2,61.7,58.6,10.8,0.268292683
1471,1,63,60.1,7.7,0.292682927
1472,3,63.1,58.4,4.9,0.56097561
1473,4,66.7,61.2,7.3,0.668292683
1474,5,67.2,63.3,9.2,0.534146341
1475,6,69.1,65.9,10.9,0.86097561
1476,7,70.7,67.9,9.6,1
1477,2,73.5,67.3,6.4,0.573170732
1478,1,70.6,68.7,6.6,0.453658537
1479,3,71.1,69,10.1,0.82195122
1480,4,73.8,65.7,10.1,0.758536585
1481,5,68.3,55.6,6.9,0.756097561
1482,6,70.4,63.4,7.4,0.836585366
1483,7,72.4,68.4,13.5,0.929268293
1484,2,74.3,68.6,12,0.63902439
1485,1,73.2,63.2,8.7,0.434146341
1486,3,71.5,68.8,8.7,0.756097561
1487,4,75.3,69.3,12.1,0.731707317
1488,5,75.4,66.3,7,0.736585366
1489,6,72.2,69,7.2,0.782926829
1490,7,70.8,68.3,5.8,0.941463415
1491,2,70.8,66.9,5.3,0.514634146
1492,1,67.5,64.8,6.8,0.343902439
1493,3,68.2,62.4,9.2,0.441463415
1494,4,66.9,61.9,8.4,0.52195122
1495,5,67.4,60,7.7,0.729268293
1496,6,64.2,57.8,4.6,0.797560976
1497,7,65.3,60.4,5,0.76097561
1498,2,71.3,67.5,10.7,0.463414634
1499,1,74.2,65,9.9,0.370731707
1500,3,71.3,61.3,6.3,0.595121951
1501,4,71.5,64.7,6.6,0.63902439
1502,5,70.6,67.2,8.6,0.56097561
1503,6,73.6,71.8,11.1,0.692682927
1504,7,74.3,72.2,12.3,0.831707317
1505,2,75.9,73.3,9.2,0.551219512
1506,1,75.3,73.3,9.9,0.324390244
1507,3,77.5,69.4,8.5,0.62195122
1508,4,73.1,69,7.9,0.624390244
1509,5,76.5,70,14.7,0.658536585
1510,6,71.5,65.7,6.1,0.602439024
1511,7,74.4,65.7,8.2,0.77804878
1512,2,69.1,62.1,8.5,0.465853659
1513,1,68.3,63.6,9,0.302439024
1514,3,73.8,66.7,10.4,0.685365854
1515,4,69,52.6,10.4,0.607317073
1516,5,70.1,63.3,8.5,0.602439024
1517,6,71.7,66.5,10.4,0.66097561
1518,7,73.4,70,10.1,0.897560976
1519,2,74.4,64.2,8.3,0.575609756
1520,1,67.7,61.7,5.8,0.417073171
1521,3,72.5,66.3,9.5,0.695121951
1522,4,67.7,59.2,6.1,0.570731707
1523,5,70.4,65.7,9.1,0.665853659
1524,6,71.5,67,6.8,0.7
1525,7,69.2,63.2,9.9,0.753658537
1526,2,63.2,57.5,5.7,0.268292683
1527,1,65.3,57.4,12.7,0.190243902
1528,3,64,59.8,23.8,0.075609756
1529,4,69.9,65.8,15.2,0.580487805
1530,5,70.3,66.8,13.1,0.634146341
1531,6,68.5,66.8,9,0.802439024
1532,7,71.4,68.3,10.3,0.797560976
1533,2,71.9,67,7,0.512195122
1534,1,71.3,67.8,11.9,0.365853659
1535,3,65.1,52.1,7.9,0.634146341
1536,4,64.1,55.9,8.9,0.953658537
1537,5,68.4,61.8,12.4,0.953658537
1538,6,64.5,53.4,14.4,0.9
1539,7,57.7,47.7,6.4,0.956097561
1540,2,62.6,57.6,6,0.629268293
1541,1,70.6,67.3,11.1,0.358536585
1542,3,71,68.8,8.1,0.712195122
1543,4,71.1,69.3,5.6,0.563414634
1544,5,70,64.4,6.4,0.568292683
1545,6,67.2,57.8,3.7,0.663414634
1547,2,60.7,49.5,12.7,0.546341463
1548,1,57.6,39.4,10.8,0.448780488
1549,3,55.2,41.1,5.3,0.573170732
1550,4,65.4,59.8,11,0.66097561
1551,5,63.1,60.7,11.3,0.607317073
1552,6,60,54.9,17.8,0.575609756
1554,2,62,60.2,14,0.470731707
1555,1,61.3,59.2,9,0.23902439
1556,3,60.5,56.1,4.4,0.248780488
1557,4,60.5,54.2,12.4,0.329268293
1558,5,58.7,53.2,12.9,0.748780488
1559,6,57.3,50.9,5.8,0.917073171
1560,7,55.6,49.7,2.7,0.892682927
1561,2,58.7,55.5,7.7,0.597560976
1562,1,62.2,59.7,13.8,0.224390244
1563,3,54.1,43.8,24.8,0.368292683
1564,4,54.3,42.2,10.1,0.856097561
1565,5,52.8,46.7,5.2,0.268292683
1566,6,59.6,56.6,7.3,0.9
1567,7,55.9,45.7,14.2,0.924390244
1568,2,50.5,38.8,6.2,0.617073171
1569,1,55.2,47.6,9.3,0.280487805
1570,3,64.5,59,10,0.480487805
1571,4,63.8,61.6,6.8,0.492682927
1572,5,65.6,62.5,11.2,0.702439024
1573,6,60.4,54.3,10.5,0.668292683
1575,2,61.3,58.9,12.2,0.587804878
1576,1,53.7,35.4,21.3,0.356097561
1577,3,57.5,41.6,12.5,0.451219512
1578,4,49.1,29.5,14.1,0.434146341
1579,5,44.7,28.1,14.9,0.775609756
1581,7,51.8,46.3,18.6,1
1582,2,51,44.8,15.8,0.551219512
1583,1,61.1,52.4,11,0.412195122
1584,3,48.3,41.9,12.5,0.651219512
1585,4,46.2,37.1,4.4,0.83902439
1586,5,55.9,49.9,9.9,0.675609756
1587,6,58.8,56.2,8.4,0.734146341
1588,7,53.6,44.3,12.1,0.948780488
1589,2,47.8,33.6,7.9,0.580487805
1590,1,49.9,42.3,10.5,0.351219512
1591,3,47.4,36.7,18.8,0.758536585
1592,4,47.2,38.2,7.1,0.565853659
1593,5,51.6,46.1,4.6,0.373170732
1594,6,49.4,40.5,10.9,0.775609756
1595,7,54.9,41,16,0.675609756
1596,2,42.1,25.4,13.9,0.524390244
1597,1,51.3,36.2,14.2,0.317073171
1598,3,54.4,44.6,10.8,0.682926829
1599,4,54.8,50.1,9.9,0.86097561
1600,5,54.4,49.5,12.8,0.773170732
1601,6,48.6,43,8.4,0.77804878
1602,7,50.9,44.1,18,0.946341463
1603,2,50.1,47.2,12.3,0.741463415
1604,1,47,42.3,14.4,0.343902439
1605,3,38.8,23.3,21.2,0.72195122
1606,4,37.7,21.4,15.1,0.919512195
1608,6,42.2,34.3,6,0.097560976
1609,7,48.6,43.1,6.9,0.163414634
1610,2,47,45,6.3,0.182926829
1611,1,43.4,34.6,13.2,0.190243902
1612,3,39.5,26.7,11.2,0.631707317
1613,4,43.8,38.5,9.7,0.887804878
1614,5,52.9,51.3,12.6,0.834146341
1615,6,53.4,49.7,15.6,0.843902439
1616,7,46.4,32.8,12.9,0.736585366
1617,2,43.8,28.3,15.1,0.497560976
1618,1,38.2,24.3,14.6,0.229268293
1619,3,37.9,30.9,6.6,0.982926829
1620,4,41.7,31.3,11.9,0.787804878
1621,5,42.8,37.1,7.6,0.607317073
1622,6,42.7,35.1,6.4,0.602439024
1623,7,36.6,19.2,15.4,0.763414634
1624,2,28.2,9.9,12.8,0.407317073
1625,1,29.9,13.3,7.5,0.326829268
1626,3,43.6,40.4,14.2,0.675609756
1627,4,39.7,26.9,9.7,0.590243902
1628,5,41.2,31.1,8.2,0.734146341
1629,6,29.8,14,13.8,0.880487805
1630,7,18.2,-2.1,17.8,0.985365854
1631,2,36.2,31.3,11.5,0.573170732
1632,1,49.8,48,13.2,0.324390244
1633,3,35.3,22.9,14.1,0.814634146
1634,4,34.8,25.3,7,0.807317073
1635,5,38.8,29,9.7,0.702439024
1636,6,38.9,32.3,6.5,0.76097561
1637,7,39,28.8,12.7,0.741463415
1638,2,44.1,39.3,10.7,0.404878049
1640,3,36.4,25.6,10.2,0.014634146
1641,4,49.8,46.9,17.5,0.441463415
1642,5,39.1,26.8,9.8,0.385365854
1643,6,37.3,29.4,10.3,0.375609756
1644,7,40.4,29.9,18.2,0.475609756
1645,2,35.8,21.1,14.1,0.187804878
1646,1,44.4,33.6,13.4,0.27014218
1647,3,37.4,28.7,7.1,0.184834123
1648,4,44.3,40.7,15.2,0.682464455
1649,5,46.5,43.7,13.6,0.518957346
1650,6,36.4,19.7,15.4,0.428909953
1651,7,31.7,25.8,8.9,0.542654028
1653,1,24.1,15.9,19.5,0.082938389
1654,3,18.3,5.7,11,0.706161137
1655,4,35.6,26.3,13.6,0.535545024
1656,5,45,40.9,15.1,0.611374408
1657,6,47.8,45.5,12.6,0.651658768
1658,7,46.8,37.5,12.6,0.552132701
1659,2,29.8,13.4,10.2,0.293838863
1660,1,33.6,24.8,10.8,0.281990521
1661,3,31.6,20.7,6.2,0.251184834
1662,4,40,30.9,8.4,0.677725118
1663,5,41.6,38.5,13.8,0.421800948
1664,6,40.7,36.9,7.6,0.566350711
1665,7,39.9,32.5,4.3,0.55450237
1666,2,42.3,37.5,7.5,0.246445498
1667,1,43.2,40.4,8.4,0.09478673
1668,3,40.9,34.4,18.6,0.701421801
1669,4,48.9,46.9,17.2,0.457345972
1670,5,41.1,35.1,17.4,0.485781991
1671,6,44.3,39.9,9.7,0.454976303
1672,7,42.1,29.8,20.3,0.502369668
1673,2,38.7,23.1,18.3,0.308056872
1674,1,38,26.4,10.2,0.13507109
1675,3,34,23.1,6.5,0.412322275
1676,4,28.1,14.6,9.8,0.473933649
1677,5,38.7,31.3,10.5,0.481042654
1678,6,37.7,24.2,9.9,0.509478673
1679,7,30.9,14,9,0.563981043
1680,2,28.4,10.8,14.1,0.402843602
1681,1,36.1,23.7,11.5,0.137440758
1682,3,37.5,21,14.4,0.466824645
1683,4,38.1,32.2,9.2,0.604265403
1684,5,46.2,43.9,10.1,0.71563981
1685,6,38.1,33.3,17.8,0.322274882
1686,7,21,9.1,21.5,0.798578199
1687,2,32,24.7,10,0.331753555
1688,1,35.6,32.1,15.2,0.161137441
1689,3,35.9,30.3,19.7,0.642180095
1690,4,30.1,19.1,15.1,0.751184834
1691,5,36.6,32.7,8.7,0.549763033
1692,6,36.1,28.8,14.4,0.665876777
1693,7,31.8,17.3,14,0.732227488
1694,2,37,26.6,10.4,0.471563981
1695,1,47.8,36.9,13.9,0.158767773
1696,3,41.9,29.5,11.7,0.13507109
1697,4,37.1,26.6,6.9,0.265402844
1698,5,40.6,35.2,7.8,0.251184834
1699,6,44,41.7,8.2,0.497630332
1700,7,47.5,44.3,10,0.677725118
1701,2,49.8,46.6,10.1,0.478672986
1702,1,43,31.2,14.3,0.21563981
1703,3,39.1,25.5,13.2,0.400473934
1704,4,44.2,39.9,7.9,0.521327014
1705,5,47.4,45.8,11.5,0.473933649
1706,6,47.8,36.9,21.6,0.668246445
1707,7,33.2,8.8,11.8,0.886255924
1708,2,22.9,0.1,17.8,0.390995261
1709,1,20.8,-1.7,19.8,0.279620853
1710,3,28.9,11.2,9.9,0.585308057
1711,4,36.7,27.5,10.7,0.630331754
1712,5,45.9,42.6,15.3,0.563981043
1713,6,45.9,34.3,17.7,0.696682464
1714,7,35.5,26.4,12.1,0.571090047
1715,2,22.5,7.2,19.3,0.41943128
1716,1,20,2.6,16.1,0.343601896
1717,3,21.9,6.4,10.9,0.997630332
1718,4,36.3,30.9,18.1,0.007109005
1719,5,29.8,20.7,23.3,0.661137441
1721,7,33,13.4,10.9,0.912322275
1722,2,34.7,23.9,7.5,0.315165877
1723,1,36,32.2,19.4,0.424170616
1724,3,39.2,26.3,21.4,0.898104265
1726,5,38.6,20.9,14.8,0.582938389
1727,6,26.4,1.5,17.1,0.786729858
1728,7,35.3,21.9,9.6,0.670616114
1729,2,42.9,36.8,13.1,0.473933649
1730,1,37,30,9.8,0.201421801
1731,3,42,38.3,12.3,0.611374408
1732,4,40.7,38.5,8.7,0.523696682
1733,5,41.9,37.1,14.4,0.713270142
1734,6,40,25.9,12.8,0.63507109
1735,7,37.6,30.7,6.2,0.90521327
1736,2,39.8,36.9,24.2,0.521327014
1737,1,39.7,33,14.7,0.338862559
1738,3,43,31.7,6.9,0.651658768
1739,4,42.9,38,16.3,0.537914692
1740,5,42.6,38.4,14.1,0.511848341
1741,6,41.9,38.5,12.9,0.81042654
1742,7,47.8,42.6,14.9,0.765402844
1743,2,43.9,30.6,16.5,0.606635071
1744,1,46.3,30.9,10.5,0.402843602
1745,3,46.9,39.6,10.2,0.623222749
1746,4,49.8,44,12.1,0.3507109
1747,5,49.1,45.1,9.9,0.400473934
1748,6,49.8,38.5,8.2,0.518957346
1749,7,47.5,34.1,5,0.341232227
1750,2,46.8,38,9.2,0.293838863
1751,1,51.9,46.9,15.7,0.260663507
1752,3,56.4,48.3,12,0.277251185
1753,4,47.8,39.2,12.1,0.343601896
1754,5,41.7,32.2,10.5,0.495260664
1755,6,47.5,44.1,9.8,0.618483412
1756,7,45.7,43.4,13.9,0.755924171
1757,2,46.7,44.5,13.2,0.426540284
1758,1,46.5,39.5,10.5,0.345971564
1759,3,46.6,42.4,7.6,0.402843602
1760,4,49.7,46.6,14.2,0.834123223
1761,5,53.1,51.8,17.9,0.613744076
1762,6,52.9,50.7,5.3,0.751184834
1764,2,54.2,51.6,11.6,0.687203791
1765,1,53.4,40,12.6,0.234597156
1766,3,49.3,45.3,10.6,0.63507109
1767,4,55.4,53.4,14.5,0.881516588
1768,5,54.7,44.3,13,0.812796209
1769,6,51.5,34.8,10.6,0.781990521
1770,7,49.4,44,14.9,0.95971564
1771,2,55.1,54.1,13.5,0.744075829
1772,1,52.5,48.9,10.6,0.338862559
1773,3,50,41.3,15.6,0.632701422
1774,4,48.3,34.9,6.2,0.663507109
1775,5,48.7,38.4,4.5,0.703791469
1776,6,49.5,42,7.6,0.746445498
1778,2,47.9,41.7,8.6,0.739336493
1779,1,50.4,47.9,16.5,0.620853081
1780,3,51.1,43.8,12.9,0.848341232
1781,4,57.5,46.9,10.7,0.765402844
1782,5,57.9,50.2,11.3,0.90521327
1785,2,56.3,41.6,16,0.571090047
1786,1,52.7,37.3,6.8,0.585308057
1787,3,51.4,40.5,8.2,0.82464455
1788,4,56.8,52.3,11.8,0.682464455
1789,5,53.9,49.6,9.2,0.639810427
1790,6,53.8,51.1,11.6,0.879146919
1791,7,55.4,52.9,12.9,0.95971564
1792,2,57.5,48.6,7.2,0.246445498
1793,1,51.8,46.1,6.1,0.244075829
1794,3,49.6,47,11.7,0
1795,4,53.5,49.6,7.9,0.654028436
1796,5,55.4,53.1,7.8,0.706161137
1797,6,55.7,53.8,7.7,0.670616114
1798,7,58.2,48.2,8.2,0.867298578
1799,2,56.9,47.9,8.2,0.630331754
1800,1,58,49.8,7.3,0.22985782
1801,3,56.6,54.5,8.4,0.67535545
1802,4,52.4,50.5,15.2,0.684834123
1803,5,54.5,47.5,12.8,0.720379147
1804,6,52.7,45.2,5.5,0.684834123
1805,7,57.6,52.7,13.2,0.94549763
1806,2,60.4,54.5,9.1,0.696682464
1807,1,61.5,55.8,11.3,0.78436019
1810,5,67.1,51.6,10.3,0.907582938
1811,6,57.2,45.8,7.5,0.947867299
1812,7,59.8,52.9,15.5,0.677725118
1813,2,61.7,59.4,11.8,0.670616114
1814,1,63.8,62.5,10.2,0.526066351
1817,5,62.6,61.8,11.4,0.883886256
1819,7,64.9,63.4,9.7,1
1820,2,67.2,65.1,15,0.90521327
1821,1,68.8,60.1,7.6,0.518957346
1822,3,66.7,59.2,7.8,0.706161137
1823,4,64.3,61.6,7.8,0.914691943
1824,5,65.4,58,9.9,0.8507109
1825,6,65.6,62.6,11.5,0.938388626
1826,7,66.9,63.7,13.3,0.890995261
1827,2,67.7,66.3,13,0.530805687
1828,1,68.7,67.4,11.4,0.393364929
1829,3,70.9,66.1,9.5,0.582938389
1830,4,72,61.5,5.8,0.125592417
1831,5,67.9,58.5,6.5,0.793838863
1832,6,61.7,59.9,5.9,0.568720379
1833,7,66,66,8.7,0.718009479
1834,2,67.3,66.8,8.9,0.507109005
1835,1,69.6,64.1,10.1,0.334123223
1836,3,68.3,66.1,9,0.701421801
1837,4,68.8,68.4,8.6,0.632701422
1838,5,70.8,70.2,7.3,0.725118483
1839,6,70.8,69.6,8.2,0.91943128
1840,7,63.7,61.5,8.9,0.796208531
1841,2,64.3,62.7,5.6,0.658767773
1842,1,69.3,67.7,7.1,0.341232227
1843,3,67.3,66.8,5.7,0.63507109
1844,4,69.4,67.9,5.5,0.793838863
1845,5,71.6,70.3,7.6,0.890995261
1846,6,74.7,70.6,7.7,0.954976303
1847,7,75.6,69.6,7.8,0.857819905
1848,2,74,67.2,7.1,0.656398104
1849,1,68.4,63.5,6,0.433649289
1850,3,63,58,10.9,0.590047393
1851,4,62.8,59.4,13.8,0.530805687
1852,5,63.6,58,7.4,0.625592417
1853,6,61.8,59.2,7.3,0.566350711
1854,7,69.2,66.9,8.5,0.744075829
1855,2,65.1,65,11.1,0.334123223
1856,1,67.1,57.7,15,0.556872038
1857,3,63.9,57.3,4.2,0.67535545
1858,4,68.2,64.8,8.6,0.791469194
1859,5,68.6,66.6,6.5,0.585308057
1860,6,67.5,66,5.8,0.81042654
1861,7,67.7,66.7,6.3,0.917061611
1862,2,67.7,67.2,7.9,0.478672986
1863,1,69.4,59.9,11.8,0.3507109
1864,3,67.5,64.2,7.8,0.556872038
1865,4,65.2,62.8,11.3,0.616113744
1866,5,67.1,63.5,6.5,0.672985782
1867,6,67.8,66,6,0.661137441
1868,7,67.6,65.8,5.8,0.672985782
1869,2,65.9,65.8,5.8,0.367298578
1870,1,71,69.3,8.3,0.454976303
1871,3,67.7,65.2,4.3,0.547393365
1872,4,67.8,66.8,4,0.488151659
1873,5,71.1,65.9,6.5,0.542654028
1874,6,68,60.8,5.2,0.63507109
1875,7,66.6,65.6,8.8,0.571090047
1876,2,71.8,70.9,12.2,0.632701422
1877,1,72.8,68.1,9.7,0.395734597
1878,3,69.9,65.6,5.9,0.606635071
1879,4,70.5,69.8,10.6,0.741706161
1880,5,72.3,70.9,12.4,0.611374408
1881,6,70,60.2,5.6,0.616113744
1882,7,66.4,60,5.5,0.620853081
1883,2,64.1,56.8,3.7,0.471563981
1884,1,62.3,53.6,5,0.300947867
1885,3,62.7,56.4,8.5,0.504739336
1886,4,62,58.3,8.6,0.575829384
1887,5,61.8,57.5,16,0.710900474
1888,6,66.2,60.6,9.7,0.585308057
1889,7,62.7,50,10.6,0.734597156
1890,2,58.7,45.2,5.3,0.452606635
1891,1,60,56.6,13.1,0.348341232
1892,3,65.4,62.2,13.4,0.381516588
1893,4,68.1,66.4,14,0.796208531
1894,5,69.6,68.6,13.6,0.561611374
1895,6,67.1,65.1,13,0.992890995
1896,7,65.4,60.5,11.3,0.874407583
1897,2,63.1,57,7.5,0.561611374
1898,1,61.1,56.3,9.9,0.383886256
1899,3,63.6,53.9,7.9,0.862559242
1900,4,65.3,59.7,8.3,0.732227488
1901,5,67.5,63.4,8,0.869668246
1902,6,67.4,67.2,9,0.845971564
1904,2,66.8,65.5,2.8,0.597156398
1905,1,64.7,64.2,3.4,0.509478673
1906,3,65.7,65.5,7.6,0.713270142
1907,4,65.5,65.4,14.5,0.687203791
1908,5,66.1,66.1,21.3,0.502369668
1909,6,63.9,63.8,29.6,0.388625592
1910,7,61.3,61.3,27.5,0.575829384
1911,2,62.6,62.6,17.2,0.616113744
1912,1,65.3,64.3,9.6,0.511848341
1913,3,64.2,63.7,4.2,0.841232227
1914,4,65.9,65.3,3.4,0.67535545
1915,5,68.7,68.6,4.7,0.77014218
1916,6,69.4,66.3,9.3,0.874407583
1917,7,59.6,48.5,10.6,0.914691943
1918,2,56.3,50.9,8.3,0.424170616
1919,1,55.5,46.8,7.9,0.473933649
1920,3,58,51.4,9.3,0.872037915
1921,4,54.1,47.5,6,0.748815166
1922,5,59.3,56.1,12.4,0.805687204
1923,6,63.7,62.6,15.8,0.677725118
1924,7,64.9,64.2,7.6,0.658767773
1925,2,63.8,63.5,5.7,0.471563981
1926,1,65.8,65.6,12.8,0.355450237
1927,3,66.3,66.2,10.5,0.414691943
1928,4,68.8,65.6,11,0.940758294
1929,5,62.1,58.7,6.9,0.609004739
1931,7,56.4,49.4,10.9,0.680094787
1932,2,62.4,62,5.5,0.464454976
1933,1,63.3,63.3,7.1,0.296208531
1934,3,62.3,58.2,13.8,0.639810427
1935,4,51.1,39,12.1,0.86492891
1936,5,56.7,49,10.1,0.867298578
1937,6,59.7,58.3,9.3,0.936018957
1939,2,58.8,50.3,7,0.502369668
1940,1,60.6,59.2,6.9,0.372037915
1941,3,59.5,58.7,7.2,0.706161137
1942,4,64.3,63.4,14.7,0.744075829
1943,5,65.1,65,17.1,0.656398104
1944,6,60.1,59.6,11.3,0.680094787
1945,7,54.1,43.5,12.1,0.91943128
1946,2,55.1,51.2,6.7,0.578199052
1947,1,60.4,59.4,12.3,0.573459716
1949,4,57.7,44.2,18.1,0.77014218
1950,5,50.6,39.9,6.7,0.559241706
1951,6,58.9,56.1,10.4,0.888625592
1952,7,58.7,58.5,7.7,0.95971564
1953,2,53.6,44.6,13.9,0.573459716
1954,1,54.5,49.5,10.8,0.3507109
1955,3,62.2,61.6,11.8,0.736966825
1956,4,53,46.7,12.5,0.803317536
1957,5,47,43.6,16.7,0.68957346
1958,6,48.3,39.9,8.7,0.78436019
1959,7,44.6,33.5,12.3,0.836492891
1960,2,30.2,18,12.6,0.597156398
1961,1,35.8,29.8,5,0.398104265
1962,3,48.8,44.3,9.2,0.777251185
1963,4,46.1,39,12.3,0.654028436
1964,5,43.9,37.1,11.3,0.81042654
1967,2,43.5,31.4,9.4,0.611374408
1968,1,54.8,50.4,16.8,0.478672986
1969,3,40.5,24.6,15.4,0.893364929
1970,4,51.1,39,15.3,0.992890995
1971,5,54.2,52.3,13.5,0.954976303
1972,6,38.7,30.1,11.1,0.232227488
1973,7,40.8,30.7,6.9,0.31042654
1974,2,50.1,47.2,7.8,0.201421801
1975,1,48.9,39.7,12.2,0.27014218
1976,3,43,28.8,12.4,0.625592417
1977,4,37.9,27.4,10,0.658767773
1978,5,52.2,47.6,14.6,0.781990521
1979,6,43.2,34,10.1,0.691943128
1980,7,48.2,44.2,10,0.950236967
1981,2,42.5,34.2,8,0.483412322
1982,1,42.6,36.3,6.1,0.182464455
1983,3,40.9,35.1,7.7,0.741706161
1984,4,42,38.5,10.2,0.789099526
1985,5,51.3,48.7,15,0.663507109
1986,6,43.4,28.1,10.2,0.763033175
1987,7,41,26.6,9,0.736966825
1988,2,38.7,36.7,9.9,0.395734597
1989,1,39,34.6,12.3,0.336492891
1990,3,38.4,28.3,7.9,0.838862559
1991,4,42.6,38.1,10,0.748815166
1992,5,32.8,25.1,17.6,0.800947867
1995,2,30.9,24.3,12.4,0.687203791
1996,1,27.6,13.8,10.1,0.417061611
1997,3,32.7,23.9,4.6,0.793838863
1998,4,44.9,41.8,10.3,0.677725118
1999,5,44.3,31.7,14.9,0.779620853
2000,6,32.4,19.7,10.7,0.879146919
2001,7,32.7,24.3,6.7,0.827014218
2002,2,45.6,45.4,10.6,0.45971564
2003,1,41.9,37.7,12.9,0.232227488
2005,4,29.5,12.4,13.1,0.407582938
2006,5,21.9,5,11,0.488151659
2007,6,15.3,-1.4,17.5,0.563981043
2008,7,13.7,5.4,11,0.537914692
2009,2,16.7,3.7,10.5,0.45971564
2010,1,21,17.9,10.5,0.21563981
2011,3,9.5,-0.5,15,0.135
2012,4,14.7,2,12.9,0.6375
2013,5,25.6,18.3,6.7,0.615
2014,6,37.1,35.9,21,0.1625
2015,7,23,13.8,23.4,0.7525
2016,2,13.2,-0.2,22.4,0.5
2017,1,9.3,-0.5,12.7,0.19
2018,3,35,28,18.3,0.8025
2019,4,38.3,32.3,14.6,0.7125
2020,5,31.4,24.2,6.6,0.72
2021,6,38.5,38,8.6,0.7425
2022,7,43.7,43.7,13.4,0.7625
2023,2,45.4,43.2,19.2,0.51
2024,1,27,21.7,14.5,0.2375
2025,3,31.6,24.5,15.4,0.31
2026,4,32.3,28.9,8.8,0.545
2027,5,36,35.2,7.7,0.53
2028,6,32.4,29.5,10.2,0.5875
2029,7,28.9,21.4,10.5,0.5
2030,2,38.1,32.5,14.3,0.3275
2031,1,39.7,31.7,7.2,0.0475
2032,3,36.4,35.9,4,0.4
2033,4,45.3,45.3,16.2,0.33
2034,5,41.1,36.1,13.9,0.54
2035,6,28,12.4,13.2,0.5075
2036,7,25.3,7,14.4,0.695
2037,2,36.8,30.7,12.2,0.2775
2038,1,43.4,43.2,9.5,0.0325
2039,3,40.3,37.7,12.1,0.33
2040,4,31.9,30.5,23.4,0.45
2041,5,25,14.8,13.1,0.4925
2042,6,38.3,34.7,11.9,0.4875
2043,7,34.2,30.8,11.9,0.545
2044,2,19.8,8.6,16.5,0.1975
2045,1,37.8,34.1,13.4,0.355
2046,3,42.5,38.1,14.1,0.7675
2047,4,30,20.2,4.8,0.365
2048,5,36.4,32.6,9.5,0.635
2049,6,34.6,28.2,14.5,0.5425
2050,7,28.3,17.3,6.2,0.46
2051,2,41.6,39,11.3,0.375
2052,1,46.3,46.3,9.7,0.2
2053,3,45,44.2,13.6,0.36
2054,4,31.5,23,9.7,0.535
2055,5,36.9,34,8.7,0.68
2056,6,40.8,40.8,9.7,0.615
2057,7,44.8,44.6,8.8,0.4575
2058,2,35.9,24.8,13.1,0.5125
2059,1,39.4,34.8,12.4,0.1825
2060,3,38.1,35.4,8.3,0.09
2061,4,45.6,45.5,12.4,0.34
2062,5,45.9,45.9,13.3,0.505
2063,6,43.1,38.6,13.8,0.3775
2064,7,37.5,32.5,10.6,0.3725
2065,2,42.3,41.5,11.4,0.3525
2066,1,42.5,41.5,12.3,0.1225
2067,3,42.1,40.1,10.7,0.395
2068,4,40.3,29.3,8.9,0.58
2069,5,42.6,38.2,12.9,0.6375
2070,6,46.7,41,8.5,0.55
2072,2,40.2,37.5,34.8,0.525
2073,1,39.6,33.6,23.4,0.145
2074,3,37.8,34.5,24.2,0.5425
2075,4,37.7,30.1,17.5,0.6925
2076,5,38.1,35.9,12.3,0.295
2077,6,39.6,36.3,15.8,0.585
2078,7,35.5,28.2,12,0.88
2079,2,38.1,25.9,17.5,0.42
2080,1,36.3,24.8,11.4,0.165
2081,3,36.7,30.7,9,0.7
2082,4,35,33.4,31,0.4475
2083,5,34.8,29,22.8,0.6325
2084,6,36.5,28.1,20.1,0.725
2085,7,36.1,21.4,13.5,0.885
2086,2,33.3,17.6,19.7,0.4075
2087,1,27.2,7.9,12.2,0.3175
2088,3,30.5,6.6,12.2,0.7175
2089,4,32.5,17.5,9.1,0.495
2090,5,36.8,32.7,21,0.195
2091,6,36.1,35.3,21.5,0.9025
2092,7,37.5,31.9,7,0.8325
2093,2,36.3,30.8,6.8,0.3775
2094,1,35.8,32.8,16.6,0.23
2095,3,36.4,25,19.4,0.7775
2096,4,37.6,28.7,16,0.57
2097,5,40.4,32.9,10.1,0.575
2098,6,41.6,40.3,6.5,0.535
2099,7,46.8,46.8,11.5,0.4525
2100,2,43.6,33.1,12.6,0.475
2101,1,44.2,40.5,13.4,0
2102,3,37.7,31.2,8.4,0.4075
2103,4,35.3,32.5,7.5,0.38
2104,5,47.3,46.9,15.7,0.3875
2105,6,39.9,24,17,0.33
2106,7,38,25.2,12.2,0.29
2107,2,43.5,37.2,10.7,0.22
2108,1,37.9,28.3,11.2,0.1725
2109,3,36.3,20.4,12.6,0.565
2110,4,37.7,31.7,6.5,0.6725
2111,5,37.9,33,6.5,0.5325
2112,6,42.8,38.5,9.8,0.5275
2113,7,47.7,45.3,15.4,0.89
2114,2,47.7,45,13.7,0.5625
2115,1,39.7,31.5,17.5,0.2775
2116,3,44.7,44.7,21.6,0.855
2117,4,45.6,41.3,16.1,0.5025
2118,5,41.9,34.1,16.6,0.6575
2119,6,41.8,40.6,8.6,0.7675
2120,7,43.2,33.2,11.6,0.77
2121,2,44.6,31.9,10.5,0.4625
2122,1,46.3,33.1,7.2,0.4225
2123,3,46.4,33.6,7.1,0.69
2124,4,44.7,41.7,6.7,0.68
2125,5,49.2,48.2,15.1,0.5675
2126,6,50,48.9,12.7,0.825
2127,7,48.8,46.9,9.2,0.7275
2128,2,49.5,48.3,6.3,0.5125
2129,1,50.5,48.7,5.9,0.265
2130,3,46.2,40.4,12,0.6425
2131,4,48.4,43.7,7.6,0.785
2132,5,54.5,45.7,13.1,0.9825
2133,6,54,48.6,13.2,0.9775
2134,7,53.3,51.3,12.2,0.81
2135,2,58,47.5,13.5,0.5075
2136,1,52.5,49.7,6.9,0.24
2137,3,53,49.7,11.3,0.74
2138,4,48.4,46.3,6.9,0.8425
2139,5,51.2,50.1,7.7,0.78
2140,6,51,50.2,12.2,0.66
2142,2,48.9,46.2,7.3,0.5075
2143,1,49.7,48.5,8.6,0.325
2144,3,50.5,49.6,5.5,0.725
2145,4,53.9,53.4,10.7,0.9475
2146,5,55.3,53.8,8.5,0.7175
2147,6,54.1,54.1,3.6,0.8325
2148,7,52.2,49.1,10.9,0.5425
2149,2,49.6,49,9.8,0.46
2150,1,56.5,56.4,13.9,0.4475
2151,3,60.9,51,8.7,0.5675
2152,4,54.6,49.5,7,0.725
2153,5,57.3,55.7,7,0.825
2154,6,56.3,49.7,9.6,0.9275
2155,7,56.5,53.6,13.6,1
2156,2,58.8,56.7,13.8,0.505
2157,1,53.7,53.4,12.6,0.22
2158,3,53.4,52.6,11.6,0.025
2160,5,59.2,54.2,7.5,0.7725
2161,6,55.1,54.6,6.5,0.7475
2162,7,58.6,58.4,6.2,0.88
2163,2,63.1,60.8,7.9,0.5575
2164,1,52.8,48.1,11.8,0.315
2165,3,51,50.1,13.5,0.7475
2166,4,54.5,51.3,11,0.7225
2167,5,54.8,50.8,9.6,0.63
2168,6,51.5,48,6.5,0.735
2169,7,54.8,51.9,8,0.895
2170,2,62.9,55.8,5.7,0.7675
2171,1,61.5,49.5,6.8,0.335
2172,3,56.2,45.3,8.8,0.7175
2173,4,55.3,48.6,9.6,0.8025
2174,5,59.4,57,11.5,0.7675
2176,7,59,54,6.2,0.8225
2177,2,62.8,56,8.2,0.695
2178,1,66.7,56.6,6,0.57
2181,5,62.8,58.8,5.2,0.7475
2183,7,61.1,56.4,7.2,0.8225
2184,2,59.2,57,9.2,0.285
2185,1,62.7,61.5,5.9,0.385
2186,3,63.8,60.8,10.4,0.835
2187,4,60.7,55.3,7.7,0.9075
2188,5,62.7,59.1,9.3,0.3525
2189,6,64.1,62.6,14.6,0.845
2191,2,71.1,65.4,5.9,0.63
2192,1,70.8,66.4,5.9,0.41
2193,3,68.4,64.9,4.7,0.8
2194,4,66.9,66.2,6.2,0.6975
2195,5,71.7,70.5,6.8,0.0175
2196,6,71.7,71,6.2,0.8025
2197,7,70.6,69.3,11.5,0.6375
2198,2,67.3,52.8,12.8,0.3175
2199,1,61.7,52.8,3.8,0.365
2200,3,60.9,53.6,6.7,0.6825
2201,4,67.2,64.7,10.4,0.82
2202,5,68.3,65.1,8.9,0.57
2203,6,68.2,59.5,6.8,0.6075
2204,7,64.8,55.1,5,0.8175
2205,2,64.9,59.5,4.7,0.445
2206,1,65.5,61.6,5.3,0.4125
2207,3,68.7,67.9,4.7,0.8
2208,4,70.5,69,10.7,0.7025
2209,5,71.2,66.7,9,0.7225
2210,6,67.9,57.5,6.3,0.85
2211,7,64.3,56.7,3.3,0.7525
2212,2,59.8,9999.9,6.7,0.5575
2213,1,66.5,66.2,12.8,0.3525
2214,3,69.9,68.1,12.6,0.5375
2215,4,69.2,68.1,9.8,0.6375
2216,5,69.8,68.7,11,0.645
2217,6,69.8,69.4,13.9,0.5175
2218,7,70.6,70.1,7.8,0.885
2219,2,69.7,69.7,6.7,0.595
2220,1,72.9,69.1,6.3,0.16
2221,3,71.3,66.7,5.8,0.4525
2222,4,68.9,65.8,4.9,0.775
2223,5,69.2,67.6,8.6,0.6525
2224,6,73.7,72.5,11.6,0.8075
2225,7,73.7,72.6,9.2,0.875
2226,2,71.8,71.2,9.4,0.515
2227,1,74.3,70.4,7.1,0.435
2228,3,74.8,73.4,7.2,0.5825
2229,4,75.8,74.1,9.7,0.6475
2230,5,74.6,73.6,8.1,0.6425
2231,6,74.9,73.5,9.2,0.775
2232,7,76.9,68.4,6.4,0.77
2233,2,68.8,66.2,5.8,0.4225
2234,1,70.9,69.7,7.3,0.25
2235,3,69.1,68.1,6.2,0.545
2236,4,72.8,71.4,6.9,0.755
2237,5,74.1,70.4,9.7,0.615
2238,6,77.2,71.4,10.1,0.62
2239,7,74.9,72.1,5.1,0.76
2240,2,73.9,72.4,9.4,0.45
2241,1,68.5,65.5,13.1,0.2275
2242,3,66.7,66,11.6,0.4075
2243,4,66.7,65.5,9.5,0.4525
2244,5,68.1,67.4,8.1,0.5
2245,6,70,61.6,9.3,0.5275
2246,7,67.1,61.5,4.7,0.705
2247,2,66.5,60.3,5.8,0.3825
2248,1,68.2,60.3,5.4,0.3225
2249,3,73.1,69.6,8.7,0.63
2250,4,73,71.2,9,0.79
2251,5,75.3,72.7,9.8,0.715
2252,6,76.2,72.4,10.2,0.8425
2253,7,69.9,63.6,13,0.56
2254,2,65,59.4,7.2,0.325
2255,1,67,64,5,0.3225
2256,3,69.9,69.1,8.4,0.335
2257,4,75.7,70.6,9.9,0.9675
2258,5,69.2,64.7,4.8,0.9225
2260,7,71.1,64.3,8.7,0.68
2261,2,66.6,60.3,6.9,0.4225
2262,1,62.6,50.8,10,0.3925
2263,3,62.3,55.4,13.4,0.6275
2264,4,68.9,67.5,10,0.3625
2265,5,71,69.6,4,0.96
2266,6,66.1,63.8,8.4,0.7975
2267,7,64.9,60.7,7.1,0.7125
2268,2,65.9,61,5.8,0.4925
2269,1,63.9,59.5,3.7,0.495
2270,3,65.6,62.6,5,0.685
2271,4,71,69.2,8.7,0.8525
2272,5,66.5,63.8,11,0.3
2273,6,63.7,57.9,11.3,0.65
2274,7,60.6,54.6,6.9,0.79
2275,2,68.8,60.1,14.4,0.4075
2276,1,59.8,50.2,3,0.19
2277,3,57.4,50.3,10.1,0.4875
2278,4,60.5,55.1,14.4,0.79
2279,5,69.4,67.3,14.7,0.89
2280,6,66.3,62.6,13.2,0.6825
2281,7,60.5,58.5,8.5,0.7825
2282,2,62.3,56.3,6.6,0.5125
2283,1,61,53.5,4.7,0.2775
2284,3,62,56.1,5.4,0.46
2285,4,64.7,62.1,6.6,0.535
2286,5,64.4,62.3,9.4,0.9475
2287,6,60,57.1,5.7,0.795
2288,7,62.2,57,14.7,0.9925
2289,2,55.5,46.3,6,0.3625
2290,1,64.4,59.6,8.6,0.325
2291,3,60.7,55.7,10.5,0.255
2292,4,63.1,59,8.6,0.5725
2293,5,66.2,64.9,9.1,0.7725
2294,6,67.2,65.9,8.9,0.855
2296,2,53.2,44.9,7.9,0.445
2297,1,52.8,37.7,8.9,0.2925
2298,3,57.1,51.9,9.8,0.7325
2299,4,57.1,44.8,15.5,0.7225
2300,5,55.6,40.7,13.3,0.75
2301,6,45.6,23.6,16.3,0.84
2302,7,49.2,33.4,13.7,0.97
2303,2,59.5,53.2,16.1,0.575
2304,1,48.5,41.4,11.8,0.485
2305,3,43.3,24.9,11.7,0.6275
2306,4,51.5,43.7,8,0.705
2307,5,48.8,41.3,13.2,0.8
2308,6,45.3,32.4,14.2,0.91
2309,7,39.8,25.4,8.7,0.87
2310,2,50,45.3,16,0.895
2311,1,56.8,52.7,13.4,0.3925
2312,3,54.9,48.9,11.7,0.7425
2313,4,47.9,35.4,9.8,0.805
2314,5,45.9,35.8,6.8,0.6175
2315,6,58,54.7,11.1,0.7425
2316,7,60,57.8,13.9,0.8675
2317,2,59.7,55.6,19.2,0.6425
2318,1,47.7,32.3,9.9,0.2575
2319,3,47.5,41.9,9.2,0.9
2320,4,56.8,56.2,12.1,0.7
2321,5,57.9,52.2,13.7,0.7425
2322,6,52.1,38.7,11.1,0.58
2324,2,52.2,44.9,19.1,0.5175
2325,1,39.9,21.2,13.7,0.2525
2326,3,41.7,24.7,8.2,0.245
2327,4,51.9,46.5,16.9,0.8875
2328,5,39.3,20.6,16.5,0.7225
2330,7,42.8,39.1,19,0.8025
2331,2,44.5,31.4,12.1,0.4
2332,1,41.7,29.3,6.7,0.1775
2333,3,46.7,41,5,0.745
2334,4,48.2,46.3,7,0.74
2335,5,39.9,28.6,13.8,0.8325
2336,6,24.9,4.8,19.2,0.0325
2337,7,23,11.1,13.1,0.1925
2338,2,41.4,31.9,11.5,0.3425
2339,1,47.7,45.7,15.9,0.21
2340,3,45.4,42.8,8.1,0.86
2341,4,46.9,42.2,19.3,0.525
2342,5,41,30.4,12.5,0.435
2343,6,41.3,29,17.1,0.6175
2344,7,38.4,30.1,7.5,0.86
2345,2,38.3,31.9,5.7,0.505
2346,1,46,44.1,12.2,0.3975
2347,3,51,49,11.3,0.745
2348,4,40.6,28.1,12.1,0.7125
2349,5,31.6,20.6,7,0.6325
2350,6,34.9,20.5,10.7,0.705
2351,7,38,22.5,11,0.765
2352,2,27.9,7.7,11.5,0.6325
2353,1,29.7,13.1,8.6,0.165
2354,3,35.5,23.8,10.1,0.63
2355,4,32,22.9,4.5,0.77
2356,5,32.3,22.3,9.3,0.58
2357,6,30.9,18.7,6.4,0.7175
2359,2,46.1,44.8,6.8,0.5725
2360,1,43.8,37.8,15.2,0.5575
2361,3,42.2,39.7,14.6,0.725
2362,4,33.3,18.2,19.7,0.83
2363,5,29.8,16.2,9.4,0.875
2365,7,50.4,49.1,17.6,0.9575
2366,2,48.3,45.8,13.3,0.4225
2367,1,36.7,23.9,11.6,0.265
2368,3,35.2,29.1,4.9,0.4525
2370,5,31.8,12.5,11.1,0.2875
2371,6,34.7,23,8.1,0.4575
2372,7,41.8,36.7,15,0.705
2373,2,48.4,44,14.2,0.25
2374,1,34.6,24,8.4,0.0125
2375,3,32,23.7,5.2,0.5575
2376,4,47.4,41.6,18.3,0.141057935
2377,5,35,23.4,10.3,0.322418136
2378,6,39.4,32.9,9.2,0.327455919
2379,7,39,30.2,9.9,0.564231738
2380,2,43.8,42.4,11.8,0.204030227
2381,1,39.7,34,13.1,0.005037783
2382,3,27.4,11.7,17.4,0.528967254
2383,4,36.3,30.8,9.3,0.496221662
2384,5,44.4,39.6,13.4,0.352644836
2385,6,34.9,21.2,14.7,0.518891688
2386,7,28.6,13.4,14.2,0.680100756
2387,2,23.1,3.7,12.9,0.367758186
2388,1,26,12.8,8,0
2389,3,32.8,22.5,15.3,0.828715365
2390,4,29.4,18.7,7.4,0.614609572
2391,5,31.3,23.1,9.1,0.516372796
2392,6,29.4,15,11.2,0.534005038
2393,7,33.2,28.1,6.8,0.559193955
2394,2,34.5,29.7,6.9,0.264483627
2395,1,43.2,42.4,17,0.093198992
2396,3,13.7,6.3,17,0.095717884
2397,4,15.8,-2.3,17.6,0.637279597
2398,5,31.6,23.8,8.3,0.450881612
2399,6,46.5,44.7,19.2,0.549118388
2400,7,37,28.5,14,0.735516373
2401,2,30.5,15.4,7.9,0.400503778
2402,1,35.1,28.2,7.8,0.17884131
2403,3,35.7,27.3,11.3,0.481108312
2404,4,33.8,23.7,9.6,0.773299748
2405,5,36.8,29.5,15.1,0.644836272
2406,6,15.7,1.9,16.4,0.571788413
2407,7,17.6,-1.7,10.9,0.697732997
2408,2,23.5,10.5,11.8,0.511335013
2409,1,35.4,28,10.4,0.292191436
2410,3,39.7,36.7,7.3,0.697732997
2411,4,43,42.1,4.8,0.493702771
2412,5,39.1,31.5,9.7,0.607052897
2413,6,39.1,37.9,11.8,0.539042821
2414,7,40.6,39.4,9.8,0.722921914
2415,2,31.5,10.3,16.4,0.41813602
2416,1,28.7,9.5,11.7,0.17884131
2417,3,30.7,14.4,8.1,0.488664987
2418,4,29.4,19.8,11.2,0.788413098
2419,5,41.1,37,17.9,0.667506297
2420,6,35.5,19.5,15.9,0.730478589
2421,7,39.8,36,14.2,0.609571788
2422,2,41.1,32.4,10.6,0.405541562
2423,1,30.9,20.8,7.6,0.16372796
2424,3,32.8,30.3,8,0.080604534
2425,4,25.9,12.6,15.1,0.385390428
2426,5,26.7,10.2,7.7,0.607052897
2427,6,36.8,32.9,13.3,0.561712846
2428,7,38.3,26.1,8.7,0.43324937
2429,2,34.8,27.7,4.9,0.16372796
2430,1,40.5,37.9,14.1,0.068010076
2431,3,38.7,25.2,24.3,0.82115869
2432,4,29.2,6.8,20.2,0.74559194
2433,5,21.6,-0.8,10.9,0.390428212
2434,6,26,18.6,8,0.818639798
2435,7,26.7,18.2,4,0.848866499
2436,2,35.1,32.5,16.1,0.675062972
2437,1,34.5,29.2,5.7,0.324937028
2438,3,37.9,34,15.3,0.324937028
2439,4,28.2,11.9,12.4,0.667506297
2440,5,25.4,6,13.5,0.541561713
2441,6,22.1,1.6,12.5,0.458438287
2442,7,27.2,10.7,10.9,0.700251889
2443,2,35.1,22.7,7.4,0.375314861
2444,1,36.8,30.2,14.7,0.221662469
2445,3,41.7,38.1,11.1,0.682619647
2446,4,38.6,22.9,11.8,0.534005038
2447,5,34.5,22.8,6.7,0.473551637
2448,6,39,33.6,7.2,0.59697733
2449,7,45.3,42.3,15.3,0.753148615
2450,2,46.9,38.6,16,0.443324937
2451,1,36.3,17.7,13.2,0.113350126
2452,3,34.5,15.3,10.8,0.506297229
2453,4,35.2,22.6,8.2,0.481108312
2454,5,36.9,27.1,6.7,0.528967254
2455,6,40.7,32.6,12.7,0.629722922
2456,7,42.3,39.4,15,0.866498741
2457,2,39.3,30.2,21.7,0.392947103
2458,1,39.1,23.6,15.5,0.231738035
2459,3,42.5,32.5,11,0.382871537
2460,4,36.9,20.9,10.8,0.594458438
2461,5,34.4,16.2,10.7,0.473551637
2462,6,36.3,27.9,9.1,0.680100756
2463,7,44.4,40.2,11.7,0.476070529
2464,2,46.1,42.4,7.7,0.35768262
2465,1,49.2,46,14.7,0.191435768
2466,3,41.8,26.6,15.2,0.574307305
2467,4,37.1,22.5,8.7,0.450881612
2468,5,43.7,38.8,21.6,0.602015113
2469,6,44.5,26,16.5,0.720403023
2470,7,39.4,18.1,10.7,0.823677582
2471,2,46.3,41.2,10.3,0.536523929
2472,1,45.3,39.4,7.4,0.284634761
2473,3,46.2,45.3,8.4,0.554156171
2474,4,41.4,38.2,12.7,0.410579345
2475,5,41.8,34.8,10.4,0.652392947
2476,6,40.3,24,10.8,0.410579345
2477,7,43.8,35.3,8.4,0.79093199
2478,2,49.7,48,12.6,0.56675063
2479,1,50.8,48.7,7.7,0.20906801
2480,3,52,51.1,15.1,0.712846348
2481,4,47.1,32.1,18.3,0.664987406
2482,5,47.5,30.3,10.1,0.622166247
2483,6,43.7,38.7,12.1,0.41813602
2484,7,53.7,50.7,16.7,0.445843829
2485,2,54.5,52.8,17.7,0.206549118
2486,1,52.2,51.5,11.6,0.060453401
2487,3,52.1,51.5,7.3,0.37279597
2488,4,48.8,46.6,11.4,0.549118388
2489,5,51.5,47.2,9.8,0.355163728
2490,6,47.7,40.9,5.6,0.362720403
2491,7,46.8,44.2,13.9,0.317380353
2492,2,52.9,46.5,19.3,0.382871537
2493,1,46.9,36.3,8.8,0.052896725
2494,3,47.8,34.7,10.9,0.481108312
2495,4,45.6,40.5,7.6,0.536523929
2496,5,46.9,39.2,4.7,0.56675063
2497,6,49.4,46.5,10.6,0.740554156
2498,7,47.3,44.1,9.2,0.697732997
2499,2,51.3,50.5,6.4,0.450881612
2500,1,46.9,45.9,9.6,0.390428212
2501,3,48.1,44.1,18.5,0.644836272
2502,4,48.3,42.8,7.8,0.687657431
2503,5,53,44.6,9.2,0.692695214
2504,6,47.7,34.1,7.6,0.55163728
2505,7,48.4,43.5,13.8,0.720403023
2506,2,56.8,49.5,10,0.662468514
2507,1,45.7,41.4,8.6,0.541561713
2508,3,46.1,39.5,14.7,0.602015113
2509,4,44.9,42.3,15,0.622166247
2510,5,48.5,41.1,10.8,0.798488665
2511,6,53.3,47.6,8.2,0.675062972
2512,7,52.3,49.6,8.4,0.886649874
2513,2,56.7,46.7,9.2,0.692695214
2514,1,52,47.3,9.7,0.435768262
2515,3,57.2,55,11.3,0.793450882
2516,4,58.9,48.6,13.5,0.934508816
2517,5,56.7,38.7,12.8,0.803526448
2518,6,52.5,45.6,10.5,0.876574307
2519,7,59.3,52.2,18.7,0.891687657
2520,2,56.9,47.4,9.7,0.367758186
2521,1,57.6,54.3,12.1,0.34256927
2522,3,62.1,54.7,11.4,0.171284635
2523,4,51.6,48.8,8.8,0.705289673
2524,5,54.6,51.3,13.2,0.571788413
2525,6,51.3,48.8,6.4,0.632241814
2526,7,58.2,56.1,8.4,0.98488665
2527,2,55.3,53.2,6,0.460957179
2528,1,56.9,54.7,6.9,0.355163728
2529,3,60.4,51,11,0.717884131
2530,4,58.5,45.3,12.6,0.607052897
2531,5,59.8,55,12.3,0.707808564
2532,6,62,59.9,12.5,0.931989924
2533,7,59.8,55.3,4.8,0.906801008
2534,2,60.6,51.4,9.1,0.518891688
2535,1,57.7,43.7,5.3,0.382871537
2536,3,59.4,53.6,10.5,0.602015113
2537,4,63.7,61.5,11.2,0.77581864
2538,5,62.9,51.9,8.2,0.785894207
2539,6,56.7,53.8,12.4,0.654911839
2540,7,61.7,57.5,13,0.944584383
2541,2,62.7,55.1,11.3,0.619647355
2542,1,62.8,58.9,13.2,0.340050378
2543,3,66,60.9,6.3,0.44836272
2544,4,60.4,58.8,5.2,0.874055416
2545,5,62.3,59.6,6.8,0.546599496
2546,6,61,59.3,8.1,0.813602015
2547,7,63.2,61.5,10,1
2548,2,64.7,58.2,8.4,0.65743073
2549,1,65.7,55.7,11.4,0.465994962
2550,3,68.5,57.6,9,0.899244332
2551,4,61.5,59.5,8.5,0.725440806
2553,6,61.4,60.1,4.2,0.906801008
2554,7,66.8,62.9,4.4,0.95465995
2555,2,65.8,63.5,7.6,0.720403023
2556,1,69.3,63.3,9.4,0.491183879
2557,3,66.9,59.9,10.4,0.803526448
2558,4,67.9,63.1,9.1,0.546599496
2559,5,70.2,65.1,5,0.705289673
2560,6,66.6,63.7,3.7,0.050377834
2561,7,66.1,64.7,3.9,0.423173804
2562,2,68.9,67.6,7.5,0.244332494
2563,1,69,62.9,11.2,0.168765743
2564,3,64.9,56.7,4.2,0.549118388
2565,4,69,61.7,6.5,0.722921914
2566,5,71.5,65.8,6.4,0.450881612
2567,6,66.8,65.7,5.8,0.715365239
2568,7,70.8,68.3,10.9,0.939546599
2569,2,71.9,67.1,7.5,0.463476071
2570,1,71.8,68.1,9.6,0.309823678
2571,3,73.1,63,9.1,0.662468514
2572,4,70.3,65.9,5.3,0.715365239
2573,5,70.9,69.4,9.3,0.644836272
2574,6,71.4,71,4.9,0.619647355
2575,7,69.2,67.7,8.1,0.735516373
2576,2,76.2,72.3,9.1,0.534005038
2577,1,76.7,72.4,10.7,0.259445844
2578,3,76.5,70.8,7,0.672544081
2579,4,70.4,67.8,10.6,0.450881612
2580,5,66.1,62,9.1,0.634760705
2581,6,69.5,61.4,5.8,0.58186398
2582,7,67.1,58.9,3.4,0.695214106
2583,2,67.1,58.1,4.9,0.574307305
2584,1,66.9,62.9,7.3,0.385390428
2585,3,72.8,69.7,9.3,0.692695214
2586,4,73,71.1,7.8,0.664987406
2587,5,72.9,70.9,7,0.579345088
2588,6,74.3,70.3,6,0.614609572
2589,7,71.6,64.1,4.7,0.594458438
2590,2,70.3,66.6,6.3,0.483627204
2591,1,73.3,70.4,7.9,0.314861461
2592,3,70.2,62.3,6.9,0.609571788
2593,4,68.9,65.5,7.2,0.445843829
2594,5,70.2,66.6,7.2,0.589420655
2595,6,73.3,69.8,11.5,0.685138539
2596,7,73.7,67.3,10.4,0.682619647
2597,2,71.2,62.7,10.5,0.498740554
2598,1,68.8,57,9.4,0.277078086
2599,3,71.2,63.9,9.3,0.534005038
2600,4,71.2,68.7,8.4,0.23929471
2601,5,71.1,68.7,6.8,0.410579345
2602,6,68.6,64.8,8.5,0.468513854
2603,7,66.6,64.4,7,0.375314861
2604,2,67.5,65.3,7.1,0.400503778
2605,1,71.2,69.7,4,0.269521411
2606,3,73.3,72.1,6.3,0.476070529
2607,4,75.5,68.2,6.8,0.503778338
2608,5,70.6,68.5,7.2,0.37279597
2609,6,74.6,72.8,8.1,0.536523929
2610,7,72,65.8,7.2,0.491183879
2611,2,68.3,58.5,12.3,0.352644836
2612,1,65.5,59.5,13.6,0.272040302
2613,3,64.3,57.8,13.7,0.302267003
2614,4,60.4,54.5,4.7,0.390428212
2615,5,65.4,61.6,7.7,0.450881612
2616,6,71,68.2,9.5,0.549118388
2617,7,68,63.3,7.9,0.644836272
2618,2,70.3,60.1,5.3,0.322418136
2619,1,63.8,56.6,6.9,0.249370277
2620,3,64.9,60.9,6.4,0.133501259
2621,4,70,65.8,6.8,0.700251889
2622,5,66.6,64.8,7.7,0.569269521
2623,6,67.7,60.6,9.7,0.639798489
2624,7,59.3,55,9.3,0.546599496
2625,2,62.1,58.3,20.3,0.289672544
2626,1,66,58,10.5,0.221662469
2627,3,63.9,58.4,4.5,0.576826196
2628,4,62.8,57.5,6.2,0.58186398
2629,5,68.3,64.1,10.2,0.629722922
2630,6,65.4,63.4,11.2,0.793450882
2631,7,59.6,50.1,11.8,0.788413098
2632,2,60.7,54.2,10.4,0.287153652
2633,1,68.2,65.3,8.2,0.579345088
2634,3,65.4,58.5,7.4,0.619647355
2635,4,61.5,53,9.2,0.65743073
2636,5,56,48.7,11.3,0.58186398
2637,6,57.3,45.7,11.4,0.58186398
2638,7,58.8,50.6,6.6,0.79093199
2639,2,67,59.2,6.5,0.511335013
2640,1,64.6,62.1,6.5,0.355163728
2641,3,68.5,65.6,12,0.667506297
2642,4,68.6,64.4,11.1,0.639798489
2643,5,63.8,54.6,9.7,0.579345088
2644,6,64.7,61.4,8,0.682619647
2645,7,63.5,56.6,7.7,0.828715365
2646,2,63.8,59.3,8.2,0.397984887
2647,1,66.9,62,11.4,0.287153652
2648,3,56.3,48.8,7.8,0.153652393
2649,4,59.4,53.9,8.4,0.201511335
2650,5,67.6,64,13.4,0.79093199
2651,6,55.3,47.3,12.5,0.795969773
2652,7,57.4,51.3,14.6,0.841309824
2653,2,51.9,37.9,12.2,0.460957179
2654,1,52,46.1,7.2,0.153652393
2655,3,66.9,61.7,12.9,0.506297229
2656,4,61.3,58,12.1,0.375314861
2657,5,56.9,53.6,19.5,0.022670025
2658,6,54.5,51.8,28.8,0.607052897
2659,7,55.5,53.4,26.1,0.584382872
2660,2,56.2,54.1,19.9,0.322418136
2661,1,57.6,53.3,6,0.168765743
2662,3,57.7,55.9,6.5,0.065491184
2663,4,56.7,48.8,8.9,0.440806045
2664,5,51.5,46,9.3,0.715365239
2665,6,58.2,50,28,0.589420655
2666,7,55,42.4,14.9,0.654911839
2667,2,50.5,39.4,10.9,0.534005038
2668,1,49.3,44.1,3.9,0.317380353
2669,3,55.2,52,13.5,0.465994962
2670,4,56.3,52.8,11.5,0.473551637
2671,5,61.4,57.7,11.3,0.743073048
2672,6,55.5,45.3,6.7,0.602015113
2673,7,55.9,51.1,6,0.687657431
2674,2,55.2,50,7.3,0.380352645
2675,1,53.4,47.2,14.3,0.234256927
2676,3,56,52.3,17.1,0.586901763
2677,4,55.1,49.4,7.7,0.667506297
2678,5,57.8,54.9,7.9,0.556675063
2679,6,62.5,60.2,13.1,0.609571788
2681,2,47,34.5,7.2,0.332493703
2682,1,51,36.8,7.5,0.264483627
2683,3,48.1,30,7.5,0.62720403
2684,4,56.6,50.5,11.5,0.166246851
2685,5,51.5,38.9,10.5,0.607052897
2686,6,51.4,42.7,7.8,0.743073048
2687,7,42.7,31.3,15.7,0.76070529
2688,2,35.3,21.8,10.2,0.322418136
2689,1,48.3,37.2,8.8,0.20906801
2690,3,51.5,43.4,7.7,0.269521411
2691,4,53.9,50.4,13.1,0.556675063
2692,5,29,11.6,17.5,0.56675063
2693,6,35,24.6,8,0.430730479
2694,7,49.3,42,11,0.622166247
2695,2,39.7,24.5,18.4,0.385390428
2696,1,41.5,29.4,14.2,0.176322418
2697,3,48.4,44.7,21.7,0.929471033
2698,4,46.5,43.1,7.5,0.644836272
2699,5,44.8,39.8,10,0.382871537
2700,6,43.3,36.2,13,0.687657431
2701,7,48.1,43.4,10.6,0.652392947
2702,2,40.4,24.6,13.9,0.38790932
2703,1,50.2,45.5,13,0.360201511
2704,3,45.4,36.5,12.8,0.672544081
2705,4,46.5,42.5,5.4,0.826196474
2706,5,48.5,46,6,0.471032746
2707,6,47.2,41,20.5,0
2708,7,40.5,30.5,20.1,0.128463476
2709,2,35,18.3,15.8,0.229219144
2710,1,36.7,26.8,7.5,0.088161209
2711,3,44.8,41.3,20.5,0.518891688
2712,4,39.9,36.3,18.6,0.619647355
2713,5,36.6,27.4,7.5,0.44836272
2714,6,39.6,30.2,8.4,0.561712846
2715,7,38.3,25.4,14.2,0.476070529
2716,2,36.4,25.7,12.9,0.483627204
2717,1,31.8,19.5,8.7,0.204030227
2718,3,48.2,43.6,13.5,0.914357683
2719,4,53.1,51,16,0.738035264
2720,5,39.9,36.7,10.5,0.513853904
2721,6,31.1,19.7,11.7,0.56675063
2722,7,38.7,31.8,10.3,0.972292191
2723,2,52.7,51.3,16.5,0.511335013
2724,1,47.7,38.4,19.8,0.324937028
2725,3,35.4,19.8,11,0.365239295
2726,4,37.5,32,7.3,0.82115869
2727,5,39.3,35.2,12.5,0.823677582
2728,6,24.2,8.3,18.4,0.818639798
2729,7,24.2,11.6,13.5,0.816120907
2730,2,33.3,25.6,5.2,0.367758186
2731,1,41.3,34.9,9.1,0.34256927
2732,3,44.3,38.3,11.4,0.55163728
2733,4,42.8,33.7,12,0.392947103
2735,6,35.9,30.3,5.9,0.100755668
2736,7,40.1,35,7.6,0.186397985
2738,1,38.4,30.4,6.8,0.025188917
2739,3,39.6,36.3,13,0.362720403
2740,4,44.7,42.6,14.7,0.173803526
