"","day","temp","dewp","wdsp","NUM_COLLISIONS"
"1",1,83.6,63,4.1,0.479768786127168
"2",3,80.3,54.1,3.8,0.554913294797688
"3",4,79.8,56.7,2.9,0.84393063583815
"4",5,81.8,65.6,3.6,0.173410404624277
"5",6,86.7,64.3,3.8,0.632947976878613
"6",7,81.9,62.3,3.1,0.76878612716763
"7",2,84.9,65.9,3.1,0.341040462427746
"8",1,80.6,65.5,3.1,0.265895953757225
"9",3,78.5,56.8,3.5,0.465317919075145
"10",4,76.5,56.3,3.4,0.439306358381503
"11",5,77.1,62,1.9,0.557803468208092
"12",6,77.4,60.2,2.3,0.592485549132948
"13",7,78.9,60.7,3,0.667630057803468
"14",2,78.5,62.7,3.5,0.473988439306358
"15",1,79.7,68.6,2.8,0.352601156069364
"16",3,79,67.9,4,0.450867052023121
"17",4,84.6,63.3,3.5,0.797687861271676
"18",5,85.3,69.1,3.7,0.540462427745665
"19",6,73.3,67.2,3.4,0.433526011560694
"20",7,67.2,62.8,6.5,0.670520231213873
"21",2,68.1,58.5,4.1,0.450867052023121
"22",1,72.5,59.4,2,0.364161849710983
"23",3,76,67.2,3,0.384393063583815
"24",4,80.3,67.3,6,0.583815028901734
"25",5,76.5,53.5,4.2,0.69364161849711
"26",6,78,62.4,4.3,0.670520231213873
"27",7,76.6,69.3,4.4,0.76878612716763
"28",2,75.5,69.6,3.9,0.407514450867052
"29",1,71.7,66.1,3.2,0.0115606936416185
"30",3,73.1,65.1,2.2,0.456647398843931
"31",4,73.4,64.3,3.8,0.485549132947977
"32",5,72.2,68.4,2.5,0.705202312138728
"33",6,75,68.4,2.7,0.572254335260116
"34",7,77.9,70.8,4.4,0.627167630057804
"35",2,77.9,71.7,4.1,0.566473988439306
"36",1,78.1,72.4,6.1,0.421965317919075
"37",3,77.3,66.9,5.5,0.638728323699422
"38",4,75.2,58.1,1.2,0.505780346820809
"39",5,77.8,67.1,1.1,0.450867052023121
"40",6,78.2,69.6,2.3,0.604046242774566
"41",7,75.3,71.3,5.4,0.708092485549133
"42",2,77.7,71.5,6.9,0.390173410404624
"43",1,77.8,65.4,5.7,0.384393063583815
"44",3,76.3,61.2,4.3,0.38150289017341
"45",4,76,62.6,2.3,0.427745664739884
"46",5,73.6,68.9,3.5,0.664739884393064
"47",6,74,64.3,3.1,0.696531791907514
"48",7,77.9,60.7,3.3,0.583815028901734
"49",2,69.8,63.7,4.1,0.485549132947977
"50",1,68.7,55,1.3,0.274566473988439
"51",3,71.4,56.7,0.8,0.291907514450867
"52",4,72.8,57.2,2.5,0.317919075144509
"53",5,73.8,60.3,1.7,0.38150289017341
"54",6,74.7,61.7,2,0.583815028901734
"55",7,77.3,60.9,2,0.661849710982659
"56",2,75.7,65.2,3.2,0.294797687861272
"57",1,73.9,62.4,4.6,0.286127167630058
"58",3,71.9,66.3,2.7,0.508670520231214
"59",4,77.9,67.4,6,0.621387283236994
"60",5,73.3,53.2,4.7,0.514450867052023
"61",6,72,49.4,2.5,0.710982658959538
"62",7,78.7,56.1,3.9,0.950867052023121
"63",2,81.6,61.3,4.7,0.413294797687861
"64",1,75.4,65.9,3.2,0.141618497109827
"65",3,73.8,65.1,4.5,0.00289017341040462
"66",4,72.6,68.4,4.7,0.676300578034682
"67",5,75.2,71.5,5.4,0.661849710982659
"68",6,73.2,65.3,2.3,0.578034682080925
"69",7,77,67.8,2.7,0.890173410404624
"70",2,75.3,69.6,5.8,0.653179190751445
"71",1,68.4,57.3,3,0.265895953757225
"72",3,65.4,49.1,5.7,0.765895953757225
"73",4,62.8,41.8,3.1,0.430635838150289
"74",5,68.5,49.7,2.1,0.80635838150289
"75",6,70.4,54.8,3.2,0.751445086705202
"76",7,70.5,57.7,2.3,0.684971098265896
"77",2,67.2,54.1,5.1,0.534682080924855
"78",1,65.1,46.5,1.9,0.248554913294798
"79",3,66.5,48,2.2,0.23121387283237
"80",4,70.6,64.8,5.5,0.531791907514451
"81",5,66.7,56.1,6.3,0.69364161849711
"82",6,61,48.3,4.6,0.433526011560694
"83",7,64.7,53.7,4.7,0.815028901734104
"84",2,66.3,60.6,5.6,0.505780346820809
"85",1,63.8,50.3,6.4,0.312138728323699
"86",3,59,40.4,3.3,0.549132947976879
"87",4,62,43.4,4.9,0.641618497109827
"88",5,67.7,56.8,4.3,0.092485549132948
"89",6,69,60.4,1.8,0.716763005780347
"90",7,65.2,61.8,5.1,0.956647398843931
"91",2,62.4,58.8,3.9,0.326589595375723
"92",1,60.5,52.5,3.9,0.222543352601156
"93",3,60.6,46.8,4.7,0.528901734104046
"94",4,63.7,54.2,2.4,0.638728323699422
"95",5,65.6,64.3,3.5,0.375722543352601
"96",6,68.6,66.2,2.2,0.526011560693642
"97",7,67.8,59.7,3.3,0.927745664739884
"98",2,66.1,57.9,5.2,0.369942196531792
"99",1,52.5,42.3,2,0.315028901734104
"100",3,49.9,42.9,3.5,0.0115606936416185
"101",4,53.8,48.5,5.6,0.572254335260116
"102",5,58.2,53.8,5.2,0.774566473988439
"103",6,53.4,35.3,5.5,0.823699421965318
"104",7,51.2,35.9,5.3,0.641618497109827
"105",2,45.2,25.9,3.1,0.505780346820809
"106",1,58.7,45.9,5,0.419075144508671
"107",3,65.3,57.8,4.5,0.679190751445087
"108",4,55.8,42.5,5.8,0.664739884393064
"109",5,51.9,38,1.3,0.702312138728324
"110",6,56.8,46.7,3.1,0.745664739884393
"112",2,62.7,58.6,6.3,0.621387283236994
"113",1,56.5,39,5,0.15606936416185
"114",3,57.8,40.1,4.3,0.684971098265896
"115",4,59,44.9,2.2,0.433526011560694
"116",5,57.1,53.5,4.1,0.352601156069364
"117",6,58,51.3,3,0.401734104046243
"118",7,60.8,53.4,1.5,0.653179190751445
"119",2,61.9,53.9,4.3,0.439306358381503
"120",1,57.7,50,11.9,0.0895953757225433
"122",4,53.9,48.9,8.9,0
"123",5,49.7,43.2,5.5,0.511560693641618
"124",6,47.7,37.4,6,0.19364161849711
"128",3,42.3,27.3,5.5,0.309248554913295
"129",4,36.6,17.4,4.8,0.410404624277457
"130",5,37.1,27.1,10.1,1
"131",6,41.2,35.1,15.2,0.514450867052023
"132",7,43.3,25.8,9.6,0.913294797687861
"133",2,48,35,2,0.208092485549133
"134",1,54.7,45.1,1.6,0.445086705202312
"135",3,56.7,50.2,2.9,0.505780346820809
"136",4,52.4,47.5,6.1,0.797687861271676
"137",5,42.8,29.9,7.7,0.73121387283237
"138",6,40.4,25,5.3,0.725433526011561
"139",7,41.9,29.5,5.8,0.867052023121387
"140",2,43.6,27.9,4.7,0.491329479768786
"141",1,43.2,31,5.5,0.213872832369942
"142",3,43,34.8,6.3,0.615606936416185
"143",4,44.4,32.8,3.6,0.864161849710983
"144",5,46.5,32.7,4.2,0.916184971098266
"145",6,47.3,36.2,3.4,0.0346820809248555
"146",7,48.3,40.8,3.4,0.315028901734104
"147",2,44.1,27.7,7.6,0.248554913294798
"148",1,36.6,17.2,7.1,0.124277456647399
"149",3,40.3,19.7,4.9,0.552023121387283
"150",4,38.7,27.2,4.4,0.609826589595376
"151",5,37.5,28.8,7.1,0.404624277456647
"152",6,37.5,21.9,5.8,0.413294797687861
"153",7,41.3,25.8,4.7,0.589595375722543
"154",2,38.5,32.1,9.2,0.312138728323699
"155",1,44.3,41,3,0.239884393063584
"156",3,53.5,45.3,3.9,0.719653179190751
"157",4,51.9,47.1,2.9,0.719653179190751
"158",5,52.6,41.5,6.3,0.410404624277457
"159",6,35,16.8,3.6,0.716763005780347
"160",7,38.8,30.9,1.9,0.988439306358382
"161",2,47.3,46,3.5,0.601156069364162
"162",1,46.2,41.7,5.4,0.497109826589595
"163",3,50.3,49.5,5.7,0.713872832369942
"164",4,50.1,43.2,6,0.595375722543353
"165",5,40.1,23.6,3.3,0.514450867052023
"166",6,40.3,24.6,1.7,0.5
"167",7,41.4,23.2,4.1,0.797687861271676
"168",2,42.6,27.1,2.8,0.436416184971098
"169",1,44.5,37.8,6.5,0.369942196531792
"170",3,42,40.4,9.5,0.800578034682081
"171",4,47.3,44.5,7,0.789017341040462
"172",5,44,30.5,9.3,0.630057803468208
"173",6,39.8,29,8.5,0.676300578034682
"175",2,37.4,25,10.6,0.491329479768786
"176",1,37.8,20.5,7.6,0.104046242774566
"177",3,37,19.8,3,0.421965317919075
"179",5,32.2,25.3,9.5,0.459537572254335
"180",6,39.1,37.1,12.4,0.442196531791907
"181",7,33,22.4,10,0.534682080924855
"182",2,32.5,26.2,5.3,0.202312138728324
"183",1,32.4,21.1,11.9,0.11271676300578
"184",3,31.5,17.2,6.8,0.317919075144509
"185",4,38,25.6,15,0.0237388724035608
"186",5,27.5,12.1,12.4,0.317507418397626
"187",6,21.8,7.8,9.8,0.522255192878338
"188",7,32.2,21.1,11.3,0.391691394658754
"189",2,37.3,24.5,13.2,0.0474777448071217
"190",1,35.7,31.3,5.9,0.0593471810089021
"191",3,35.9,31,8.5,0.439169139465875
"192",4,39.8,34.1,10.4,0.415430267062315
"193",5,39.9,37.6,5.3,0.338278931750742
"194",6,43.5,30.4,14.7,0.540059347181009
"195",7,38,31.4,5.4,0.851632047477745
"196",2,42.7,41.5,7.9,0.302670623145401
"197",1,45.4,44.9,5.8,0
"198",3,47.2,47.1,8.2,0.501483679525223
"199",4,42.3,38.3,8,0.42433234421365
"200",5,41.6,40,8.8,0.608308605341246
"201",6,39.4,34.6,8.6,0.350148367952522
"202",7,28.1,16.6,15,0.55786350148368
"203",2,35.9,26.6,15.3,0.329376854599407
"204",1,46.3,41.2,14.9,0.0593471810089021
"206",4,26.3,18.1,10.8,0.507418397626113
"207",5,16.2,-1.1,15.6,0.510385756676558
"208",6,14.3,-1.9,15.5,0.537091988130564
"209",7,19,3.3,13.6,0.893175074183976
"210",2,24.4,16.6,10.5,0.548961424332344
"211",1,21.7,4.7,16.3,0.166172106824926
"212",3,27.3,10.8,7.4,0.397626112759644
"213",4,35.4,34.9,4.9,0.501483679525223
"214",5,45.1,44,12.4,0.367952522255193
"215",6,46.5,40.3,23.1,0.649851632047478
"216",7,33.1,15.5,18.2,0.596439169139466
"217",2,27.6,10.4,12.5,0.477744807121662
"218",1,30.7,24.5,9.8,0.213649851632047
"219",3,29,16.9,15.5,0.534124629080119
"220",4,28.7,16.6,8.2,0.572700296735905
"221",5,34.8,30.4,6.1,0.572700296735905
"222",6,29.4,13.4,10.2,0.454005934718101
"223",7,34.3,28.5,16.3,0.979228486646884
"224",2,29.2,25.8,35.3,0.0890207715133531
"225",1,24.7,14.7,16.4,0.0801186943620178
"226",3,36.4,32,9.8,0.302670623145401
"227",4,41.4,36.6,11.9,0.370919881305638
"228",5,36.1,25.2,7.7,0.584569732937685
"229",6,36.6,29.3,8.9,0.765578635014837
"230",7,38.6,33.2,6,0.685459940652819
"231",2,39.2,35.8,8.6,0.225519287833828
"232",1,30.9,25.6,23.6,0.219584569732938
"233",3,24.6,7.6,22,0.0741839762611276
"234",4,36.7,25.4,10.6,0.308605341246291
"235",5,38.7,28.9,16.9,0.406528189910979
"236",6,30.6,14.1,17.3,0.370919881305638
"237",7,35.4,25.4,14.2,0.468842729970326
"238",2,36.3,29.8,7,0.439169139465875
"239",1,42.6,40.7,17.1,0.15727002967359
"240",3,37.5,30.4,13.4,0.347181008902077
"241",4,35,26.7,5,0.486646884272997
"242",5,44.1,41,18,0.525222551928783
"243",6,41.4,38.9,7.8,0.427299703264095
"244",7,39.3,34.2,10.6,0.682492581602374
"245",2,38.2,29.1,9.4,0.299703264094956
"246",1,37.4,29.3,7.1,0.382789317507418
"247",3,37,26.4,11.5,0.664688427299703
"248",4,38.5,29.8,14.9,0.456973293768546
"249",5,39.1,34.2,13.5,0.302670623145401
"250",6,38.3,35.2,31.6,0.480712166172107
"252",2,39.2,31.7,24.9,0.58160237388724
"253",1,39,31.7,11.9,0.124629080118694
"254",3,39.9,34.7,6.5,0.44213649851632
"255",4,46,43.9,13.1,0.516320474777448
"256",5,46.3,41.1,13.1,0.780415430267062
"257",6,37,25.3,10.4,0.545994065281899
"258",7,31.2,13.7,18.5,0.694362017804154
"259",2,37.1,22,10.2,0.439169139465875
"260",1,34.8,21.5,7.5,0.15727002967359
"261",3,32.1,15.5,9,0.741839762611276
"262",4,39.6,35.5,16.5,0.551928783382789
"263",5,36.5,25.7,17.9,0.495548961424332
"264",6,38.3,29.9,10.9,0.400593471810089
"265",7,34.3,27.6,13.6,0.685459940652819
"266",2,38.5,21.7,15.9,0.341246290801187
"267",1,39.1,23.3,10.4,0.231454005934718
"268",3,38.1,29.8,9.7,0.370919881305638
"269",4,39.8,28.7,15.5,0.154302670623145
"270",5,41.7,30.3,9.4,0.201780415430267
"271",6,42.5,34.5,12.5,0.522255192878338
"272",7,45.2,34.3,8.9,0.43620178041543
"273",2,44.5,35.1,7,0.415430267062315
"274",1,43,38.1,7.1,0.15727002967359
"275",3,47,42.9,16.3,0.314540059347181
"276",4,39.6,18.8,17.2,0.189910979228487
"277",5,42.6,15.7,17,0.471810089020772
"278",6,39,18.8,14,0.572700296735905
"279",7,42.9,38.5,8,0.620178041543027
"280",2,40.2,22,12.5,0.468842729970326
"281",1,39.7,28.6,9.2,0.231454005934718
"282",3,50,41.6,9.4,0.620178041543027
"283",4,49.4,43.4,10.7,0.712166172106825
"284",5,46.5,42,8.8,0.614243323442137
"285",6,46.2,41,10,0.427299703264095
"286",7,43.6,35.7,13.8,0.818991097922849
"287",2,44.4,39.7,12.9,0.540059347181009
"288",1,46.1,38.4,7.7,0.293768545994065
"289",3,46.1,34.2,8.1,0.682492581602374
"290",4,46,40.5,9.3,0.566765578635015
"291",5,52.1,42.7,11,0.480712166172107
"292",6,46.5,37.3,8.8,0.534124629080119
"293",7,52.6,49.4,12.5,0.584569732937685
"294",2,52.7,49.6,15.2,0.471810089020772
"295",1,45.1,28.5,11.7,0.29080118694362
"296",3,43,29.8,11.3,0.56973293768546
"297",4,44.6,40,15,0.415430267062315
"298",5,47.5,43.6,19.2,0.667655786350148
"299",6,50.8,45.1,10.4,0.623145400593472
"300",7,49.5,37.8,6.5,0.896142433234421
"301",2,46.6,34.7,3.9,0.427299703264095
"302",1,48,38.5,3.9,0.198813056379822
"303",3,49.7,37.9,4.3,0.667655786350148
"304",4,51,30.2,5.2,0.602373887240356
"305",5,49.9,41.4,7,0.602373887240356
"306",6,49.9,42,5,0.629080118694362
"307",7,46.9,39.7,13.7,0.928783382789317
"308",2,47.8,38.7,13.7,0.614243323442137
"309",1,47.8,39.9,10.1,0.421364985163205
"310",3,49.2,43.4,5.5,0.55786350148368
"311",4,54.4,49.9,4.5,0.649851632047478
"312",5,59.4,54.7,10.5,0.732937685459941
"313",6,57.2,53.6,6.2,0.679525222551929
"314",7,56.1,51,8.3,0.964391691394659
"315",2,56.2,53.1,9.4,0.445103857566766
"316",1,56.2,53.1,11,0.456973293768546
"317",3,53.1,37.1,11.9,0.605341246290801
"318",4,51,35.3,11.8,0.56973293768546
"319",5,53.1,44.5,12.1,0.471810089020772
"320",6,57.7,50.1,12.5,0.551928783382789
"322",2,54.6,45.2,5.1,0.394658753709199
"323",1,56.3,49.4,6.6,0.507418397626113
"324",3,57.5,54.5,10.3,0.84272997032641
"325",4,58,55.5,7.8,0.961424332344214
"326",5,57.8,55.1,7.1,0.584569732937685
"328",7,61,58.7,14,0.875370919881306
"329",2,55.6,52.3,7.6,0.41839762611276
"330",1,50.2,41.8,13.9,0.243323442136499
"331",3,56.9,42.8,14.1,0.13946587537092
"332",4,56.6,49.6,6.4,0.928783382789317
"333",5,57.9,54.7,10.9,0.596439169139466
"334",6,60.9,56.2,11.6,0.925816023738872
"336",2,60.9,57,10.9,0.765578635014837
"337",1,61.8,58.6,12.6,0.338278931750742
"338",3,60.8,59.8,12.7,0.991097922848665
"339",4,61.8,51,8.7,0.712166172106825
"340",5,58.6,45.6,5.7,0.670623145400593
"341",6,58.6,51,7.5,0.688427299703264
"343",2,62.3,59.6,19.1,0.587537091988131
"344",1,63.6,57.2,8.1,0.474777448071217
"345",3,62.2,56.1,6,0.744807121661721
"346",4,60.8,59.5,13.2,0.777448071216617
"347",5,64,55.9,14,0.718100890207715
"348",6,60.8,52.4,8.7,0.477744807121662
"349",7,55,50.7,18.3,0.949554896142433
"350",2,62.4,52.3,7.4,0.661721068249258
"351",1,61.3,57,9.2,0.308605341246291
"352",3,63.2,59.2,9.1,0.71513353115727
"353",4,60.9,58.6,4.9,0.712166172106825
"354",5,62.6,54.4,12.2,0.738872403560831
"355",6,60.6,53.1,5.6,0.913946587537092
"356",7,62,56.1,8.3,0.940652818991098
"357",2,63.4,58.5,8.2,0.670623145400593
"358",1,64.9,60.9,9,0.391691394658754
"359",3,66.8,64.5,12.1,0.910979228486647
"360",4,69.7,63.8,10.2,0.816023738872404
"361",5,69.5,64.6,9.9,0.735905044510386
"362",6,65.5,64,5.4,0.667655786350148
"363",7,66.1,64.8,12.9,0.697329376854599
"364",2,66.2,64.9,13.7,0.646884272997033
"365",1,65.4,64.2,8.8,0.148367952522255
"366",3,66.7,65.3,10.4,0.771513353115727
"367",4,67.7,65.5,9.5,0.676557863501484
"368",5,68.7,67.2,9.5,0.777448071216617
"369",6,69.8,68,11.9,0.192878338278932
"370",7,71.6,68.2,12.4,0.602373887240356
"371",2,73,69.2,13.1,0.42433234421365
"372",1,74.4,69.8,9.1,0.302670623145401
"373",3,72.6,68.9,10.7,0.724035608308605
"374",4,72.7,69.3,7,0.623145400593472
"375",5,71.1,69.7,7.1,0.71513353115727
"376",6,71.8,69.7,9.5,0.525222551928783
"377",7,69.4,67.8,6.7,0.670623145400593
"378",2,67.9,66.3,6.2,0.599406528189911
"379",1,72.9,70.5,5.3,0.29080118694362
"380",3,76.3,71.2,5.7,0.617210682492582
"381",4,77.4,68.4,7.3,0.620178041543027
"382",5,72.9,65.8,5.6,0.700296735905044
"383",6,75.6,69.6,6.8,0.780415430267062
"384",7,73.9,71.4,9.6,0.961424332344214
"385",2,74.5,71.7,11.8,0.528189910979229
"386",1,72.8,69.1,5.3,0.219584569732938
"387",3,68.3,65.9,5.1,0.646884272997033
"388",4,72.1,70,8.1,0.587537091988131
"389",5,74.9,71.6,8.4,0.587537091988131
"390",6,67.7,62.8,13.8,0.397626112759644
"391",7,66.1,64.4,15,0.724035608308605
"392",2,69.1,66.1,8.8,0.42433234421365
"393",1,69.8,68,6.5,0.332344213649852
"394",3,69.2,67.1,5.3,0.664688427299703
"395",4,71.2,64.3,7.8,0.626112759643917
"396",5,70.6,62.6,6.7,0.534124629080119
"397",6,68.9,64.7,5.3,0.801186943620178
"398",7,69.7,66,8.3,0.750741839762611
"399",2,69.3,66.1,10.9,0.353115727002967
"400",1,69.4,61.9,8.3,0.240356083086053
"401",3,68.1,54.5,12.2,0.510385756676558
"402",4,66.2,54.5,5.3,0.504451038575668
"403",5,64.5,55.9,5.1,0.400593471810089
"404",6,67.8,64,6.7,0.522255192878338
"405",7,70.7,68.8,13.1,0.611275964391691
"406",2,72.4,66.5,11.2,0.362017804154303
"407",1,69.5,56.7,7.5,0.320474777448071
"408",3,68.2,63.2,7.2,0.433234421364985
"409",4,67.8,66.7,3.4,0.531157270029674
"410",5,68.4,59.6,9.6,0.738872403560831
"411",6,67.2,52.7,10.2,0.670623145400593
"412",7,67.4,59.7,8.2,0.905044510385757
"413",2,67.3,59.8,3.2,0.388724035608309
"414",1,64.8,58.4,3.3,0.204747774480712
"415",3,65.5,60.8,8.1,0.264094955489614
"416",4,71,64.7,7,0.501483679525223
"417",5,70.3,66.7,6.5,0.560830860534125
"418",6,70.5,68.9,9.8,0.608308605341246
"419",7,70.6,65,12.1,0.780415430267062
"420",2,66.2,55.2,10.7,0.456973293768546
"421",1,64,54.6,6.7,0.255192878338279
"422",3,68.3,64.1,11.2,0.439169139465875
"423",4,68,66.6,8,0.394658753709199
"424",5,66.4,64.6,6.8,0.323442136498516
"425",6,65.7,63.7,11.3,0.590504451038576
"426",7,65,59.2,10.8,0.670623145400593
"427",2,69.4,67,10.9,0.317507418397626
"428",1,70.7,68.3,10.1,0.317507418397626
"429",3,70.8,68.7,7.7,0.172106824925816
"430",4,70.1,69,6.8,0.528189910979229
"431",5,68.5,61.9,8.8,0.685459940652819
"432",6,67.4,62.1,10.4,0.356083086053412
"433",7,60.3,47.8,5.3,0.448071216617211
"434",2,63.6,50.4,10.2,0.629080118694362
"435",1,68,59.3,13.3,0.376854599406528
"436",3,59.8,42.5,8.2,0.768545994065282
"437",4,65.5,57.5,10.1,0.759643916913947
"438",5,69.9,66.8,10.9,0.602373887240356
"439",6,70.2,67.6,11.4,0.955489614243323
"440",7,69.1,67,8.9,0.827893175074184
"441",2,64.5,57.6,9.1,0.433234421364985
"442",1,61.2,50.7,6.6,0.305637982195846
"443",3,62.4,54.8,7.4,0.584569732937685
"444",4,56.1,43.1,16.3,0.753709198813056
"445",5,56.1,42.7,5.8,0.587537091988131
"446",6,62.4,54.6,9.6,0.483679525222552
"447",7,62.6,58.5,6.2,0.765578635014837
"448",2,63.6,60.3,7.8,0.513353115727003
"449",1,66.3,63.4,9.8,0.629080118694362
"450",3,57.5,44.9,10.4,0.85459940652819
"451",4,54.5,42.7,8.4,0.718100890207715
"452",5,55.3,45.3,4.5,0.492581602373887
"453",6,56.8,46.4,8,0.42433234421365
"454",7,58.1,51.2,11.5,0.534124629080119
"455",2,59.2,50.1,7.4,0.516320474777448
"456",1,54.9,50.1,7.8,0.394658753709199
"457",3,59.5,54.3,10.4,0.688427299703264
"458",4,62.1,51.8,8,0.72106824925816
"459",5,64.8,58.1,8.7,0.813056379821958
"460",6,65.8,56.3,6.5,0.643916913946588
"461",7,62.8,57.5,5.2,0.845697329376855
"462",2,61.3,57.7,4.2,0.367952522255193
"463",1,59.1,54.8,7.2,0.0919881305637982
"464",3,65.7,62.3,11.9,0.72700296735905
"465",4,61.5,51.6,12.2,0.596439169139466
"466",5,56.4,44.3,11.6,0.462908011869436
"467",6,58.4,52.6,11.6,0.551928783382789
"468",7,60.6,56.6,13.3,0.735905044510386
"469",2,58.6,53.4,13.2,0.543026706231454
"470",1,55.1,45.6,11.4,0.382789317507418
"471",3,51.5,44,4.6,0.198813056379822
"472",4,53.9,47.3,6.3,0.718100890207715
"473",5,57.5,55.4,9.3,0.519287833827893
"474",6,59.4,57.4,6.1,0.596439169139466
"475",7,62.3,57,11,0.910979228486647
"476",2,57.3,45,6.2,0.29080118694362
"477",1,58.3,47.4,9.4,0.347181008902077
"478",3,54.4,41.1,7.1,0.72106824925816
"479",4,59.1,52.4,6.1,0.495548961424332
"480",5,52.5,44.6,7.9,0.548961424332344
"481",6,48.4,34.5,10.8,0.768545994065282
"482",7,48,30.2,9.2,0.813056379821958
"483",2,49,32.9,13.7,0.750741839762611
"484",1,54.3,38.7,13.8,0.412462908011869
"485",3,50.7,33,10.3,0.732937685459941
"486",4,47.5,34.1,6.8,0.673590504451039
"487",5,46.8,38.6,5.2,0.548961424332344
"488",6,54.8,50.9,6,0.718100890207715
"489",7,62.3,59.7,18.2,1
"490",2,57.4,55.2,5.6,0.528189910979229
"491",1,49.4,43.7,12,0.124629080118694
"492",3,42,26,13.9,0.845697329376855
"493",4,43.5,30.4,3.9,0.406528189910979
"494",5,46.5,41.4,3.7,0.777448071216617
"495",6,57.8,55.7,11.4,0.810089020771513
"496",7,47.1,32,13.7,0.916913946587537
"497",2,41.7,22.4,12.9,0.587537091988131
"498",1,52.5,39.7,13,0.299703264094956
"499",3,47.1,30.4,15.9,0.246290801186944
"500",4,45.7,36.8,16.5,0.813056379821958
"501",5,33.5,20.7,12.6,0.652818991097923
"502",6,42.8,27.4,14.2,0.732937685459941
"503",7,53,39.1,12.3,0.724035608308605
"504",2,51.2,43.6,6.5,0.70919881305638
"505",1,48.9,45.9,7,0.471810089020772
"506",3,55.9,53.7,13.5,0.706231454005935
"507",4,47,29.2,14,0.673590504451039
"508",5,38,21.5,14.5,0.694362017804154
"509",6,39,26.7,4.9,0.756676557863502
"510",7,46.2,41.9,5.6,0.976261127596439
"511",2,47.3,34.3,9.9,0.483679525222552
"512",1,30.5,9.2,18.3,0.359050445103858
"513",3,27,4.4,15.4,1
"516",6,40.1,28.4,14.9,0.166172106824926
"517",7,31.2,12.9,8.7,0.189910979228487
"518",2,31.3,15.4,6.5,0.314540059347181
"519",1,43.1,35,10.9,0.13946587537092
"520",3,44,42.1,7.1,0.522255192878338
"521",4,41.8,38.2,11.7,0.534124629080119
"522",5,39.8,31.7,6.4,0.43620178041543
"523",6,43.4,40.5,7.4,0.593471810089021
"525",2,39.7,34.5,11.8,0.57566765578635
"526",1,34,19.4,8.8,0.246290801186944
"527",3,40.8,36.3,11.2,0.789317507418398
"528",4,38.8,35.1,9.1,0.492581602373887
"529",5,31.8,20.6,12.8,0.688427299703264
"530",6,28.1,11.3,11.5,0.816023738872404
"531",7,28.1,12,12.7,0.955489614243323
"532",2,26.9,15.8,10.7,0.940652818991098
"533",1,40,37.1,18.9,0.228486646884273
"534",3,32,15.5,12.5,0.792284866468843
"535",4,28.6,15.9,9.6,0.979228486646884
"536",5,35.4,30.1,13,0.973293768545994
"537",6,39.1,27.5,13.8,0.694362017804154
"538",7,42.5,37.5,7.4,0.893175074183976
"539",2,47.6,45.6,9,0.655786350148368
"540",1,51.9,51.2,15.2,0.391691394658754
"541",3,48.7,47.5,6.7,0.991097922848665
"542",4,38.4,34.9,13.4,0.421364985163205
"544",6,33.3,26.8,7.8,0.163204747774481
"545",7,33.1,22.7,10,0.305637982195846
"546",2,39.3,29.8,10.4,0.302670623145401
"547",1,43.2,40.6,7.8,0.0623145400593472
"548",3,42.5,36.9,14.1,0.305637982195846
"549",4,28.5,16.8,10.1,0.27299703264095
"111",1,83.6,63,4.1,0.479768786127168
"251",3,80.3,54.1,3.8,0.554913294797688
"321",4,79.8,56.7,2.9,0.84393063583815
"4100",5,81.8,65.6,3.6,0.173410404624277
"514",6,86.7,64.3,3.8,0.632947976878613
"610",7,81.9,62.3,3.1,0.76878612716763
"710",2,84.9,65.9,3.1,0.341040462427746
"810",1,80.6,65.5,3.1,0.265895953757225
"910",3,78.5,56.8,3.5,0.465317919075145
"1010",4,76.5,56.3,3.4,0.439306358381503
"1110",5,77.1,62,1.9,0.557803468208092
"121",6,77.4,60.2,2.3,0.592485549132948
"1310",7,78.9,60.7,3,0.667630057803468
"1410",2,78.5,62.7,3.5,0.473988439306358
"1510",1,79.7,68.6,2.8,0.352601156069364
"1610",3,79,67.9,4,0.450867052023121
"174",4,84.6,63.3,3.5,0.797687861271676
"1810",5,85.3,69.1,3.7,0.540462427745665
"1910",6,73.3,67.2,3.4,0.433526011560694
"205",7,67.2,62.8,6.5,0.670520231213873
"2110",2,68.1,58.5,4.1,0.450867052023121
"2210",1,72.5,59.4,2,0.364161849710983
"2310",3,76,67.2,3,0.384393063583815
"2410",4,80.3,67.3,6,0.583815028901734
"2510",5,76.5,53.5,4.2,0.69364161849711
"2610",6,78,62.4,4.3,0.670520231213873
"2710",7,76.6,69.3,4.4,0.76878612716763
"2810",2,75.5,69.6,3.9,0.407514450867052
"2910",1,71.7,66.1,3.2,0.0115606936416185
"3010",3,73.1,65.1,2.2,0.456647398843931
"3110",4,73.4,64.3,3.8,0.485549132947977
"327",5,72.2,68.4,2.5,0.705202312138728
"335",6,75,68.4,2.7,0.572254335260116
"342",7,77.9,70.8,4.4,0.627167630057804
"3510",2,77.9,71.7,4.1,0.566473988439306
"3610",1,78.1,72.4,6.1,0.421965317919075
"3710",3,77.3,66.9,5.5,0.638728323699422
"3810",4,75.2,58.1,1.2,0.505780346820809
"3910",5,77.8,67.1,1.1,0.450867052023121
"4010",6,78.2,69.6,2.3,0.604046242774566
"4110",7,75.3,71.3,5.4,0.708092485549133
"4210",2,77.7,71.5,6.9,0.390173410404624
"4310",1,77.8,65.4,5.7,0.384393063583815
"4410",3,76.3,61.2,4.3,0.38150289017341
"4510",4,76,62.6,2.3,0.427745664739884
"4610",5,73.6,68.9,3.5,0.664739884393064
"4710",6,74,64.3,3.1,0.696531791907514
"4810",7,77.9,60.7,3.3,0.583815028901734
"4910",2,69.8,63.7,4.1,0.485549132947977
"5010",1,68.7,55,1.3,0.274566473988439
"515",3,71.4,56.7,0.8,0.291907514450867
"524",4,72.8,57.2,2.5,0.317919075144509
"5310",5,73.8,60.3,1.7,0.38150289017341
"543",6,74.7,61.7,2,0.583815028901734
"551",7,77.3,60.9,2,0.661849710982659
"561",2,75.7,65.2,3.2,0.294797687861272
"571",1,73.9,62.4,4.6,0.286127167630058
"581",3,71.9,66.3,2.7,0.508670520231214
"591",4,77.9,67.4,6,0.621387283236994
"601",5,73.3,53.2,4.7,0.514450867052023
"611",6,72,49.4,2.5,0.710982658959538
"621",7,78.7,56.1,3.9,0.950867052023121
"631",2,81.6,61.3,4.7,0.413294797687861
"641",1,75.4,65.9,3.2,0.141618497109827
"651",3,73.8,65.1,4.5,0.00289017341040462
"661",4,72.6,68.4,4.7,0.676300578034682
"671",5,75.2,71.5,5.4,0.661849710982659
"681",6,73.2,65.3,2.3,0.578034682080925
"691",7,77,67.8,2.7,0.890173410404624
"701",2,75.3,69.6,5.8,0.653179190751445
"711",1,68.4,57.3,3,0.265895953757225
"721",3,65.4,49.1,5.7,0.765895953757225
"731",4,62.8,41.8,3.1,0.430635838150289
"741",5,68.5,49.7,2.1,0.80635838150289
"751",6,70.4,54.8,3.2,0.751445086705202
"761",7,70.5,57.7,2.3,0.684971098265896
"771",2,67.2,54.1,5.1,0.534682080924855
"781",1,65.1,46.5,1.9,0.248554913294798
"791",3,66.5,48,2.2,0.23121387283237
"801",4,70.6,64.8,5.5,0.531791907514451
"811",5,66.7,56.1,6.3,0.69364161849711
"821",6,61,48.3,4.6,0.433526011560694
"831",7,64.7,53.7,4.7,0.815028901734104
"841",2,66.3,60.6,5.6,0.505780346820809
"851",1,63.8,50.3,6.4,0.312138728323699
"861",3,59,40.4,3.3,0.549132947976879
"871",4,62,43.4,4.9,0.641618497109827
"881",5,67.7,56.8,4.3,0.092485549132948
"891",6,69,60.4,1.8,0.716763005780347
"901",7,65.2,61.8,5.1,0.956647398843931
"911",2,62.4,58.8,3.9,0.326589595375723
"921",1,60.5,52.5,3.9,0.222543352601156
"931",3,60.6,46.8,4.7,0.528901734104046
"941",4,63.7,54.2,2.4,0.638728323699422
"951",5,65.6,64.3,3.5,0.375722543352601
"961",6,68.6,66.2,2.2,0.526011560693642
"971",7,67.8,59.7,3.3,0.927745664739884
"981",2,66.1,57.9,5.2,0.369942196531792
"991",1,52.5,42.3,2,0.315028901734104
"1001",3,49.9,42.9,3.5,0.0115606936416185
"1011",4,53.8,48.5,5.6,0.572254335260116
"1021",5,58.2,53.8,5.2,0.774566473988439
"1031",6,53.4,35.3,5.5,0.823699421965318
"1041",7,51.2,35.9,5.3,0.641618497109827
"1051",2,45.2,25.9,3.1,0.505780346820809
"1061",1,58.7,45.9,5,0.419075144508671
"1071",3,65.3,57.8,4.5,0.679190751445087
"1081",4,55.8,42.5,5.8,0.664739884393064
"1091",5,51.9,38,1.3,0.702312138728324
"1101",6,56.8,46.7,3.1,0.745664739884393
"1121",2,62.7,58.6,6.3,0.621387283236994
"1131",1,56.5,39,5,0.15606936416185
"1141",3,57.8,40.1,4.3,0.684971098265896
"1151",4,59,44.9,2.2,0.433526011560694
"1161",5,57.1,53.5,4.1,0.352601156069364
"1171",6,58,51.3,3,0.401734104046243
"1181",7,60.8,53.4,1.5,0.653179190751445
"1191",2,61.9,53.9,4.3,0.439306358381503
"1201",1,57.7,50,11.9,0.0895953757225433
"1221",4,53.9,48.9,8.9,0
"1231",5,49.7,43.2,5.5,0.511560693641618
"1241",6,47.7,37.4,6,0.19364161849711
"1281",3,42.3,27.3,5.5,0.309248554913295
"1291",4,36.6,17.4,4.8,0.410404624277457
"1301",5,37.1,27.1,10.1,1
"1311",6,41.2,35.1,15.2,0.514450867052023
"1321",7,43.3,25.8,9.6,0.913294797687861
"1331",2,48,35,2,0.208092485549133
"1341",1,54.7,45.1,1.6,0.445086705202312
"1351",3,56.7,50.2,2.9,0.505780346820809
"1361",4,52.4,47.5,6.1,0.797687861271676
"1371",5,42.8,29.9,7.7,0.73121387283237
"1381",6,40.4,25,5.3,0.725433526011561
"1391",7,41.9,29.5,5.8,0.867052023121387
"1401",2,43.6,27.9,4.7,0.491329479768786
"1411",1,43.2,31,5.5,0.213872832369942
"1421",3,43,34.8,6.3,0.615606936416185
"1431",4,44.4,32.8,3.6,0.864161849710983
"1441",5,46.5,32.7,4.2,0.916184971098266
"1451",6,47.3,36.2,3.4,0.0346820809248555
"1461",7,48.3,40.8,3.4,0.315028901734104
"1471",2,44.1,27.7,7.6,0.248554913294798
"1481",1,36.6,17.2,7.1,0.124277456647399
"1491",3,40.3,19.7,4.9,0.552023121387283
"1501",4,38.7,27.2,4.4,0.609826589595376
"1511",5,37.5,28.8,7.1,0.404624277456647
"1521",6,37.5,21.9,5.8,0.413294797687861
"1531",7,41.3,25.8,4.7,0.589595375722543
"1541",2,38.5,32.1,9.2,0.312138728323699
"1551",1,44.3,41,3,0.239884393063584
"1561",3,53.5,45.3,3.9,0.719653179190751
"1571",4,51.9,47.1,2.9,0.719653179190751
"1581",5,52.6,41.5,6.3,0.410404624277457
"1591",6,35,16.8,3.6,0.716763005780347
"1601",7,38.8,30.9,1.9,0.988439306358382
"1611",2,47.3,46,3.5,0.601156069364162
"1621",1,46.2,41.7,5.4,0.497109826589595
"1631",3,50.3,49.5,5.7,0.713872832369942
"1641",4,50.1,43.2,6,0.595375722543353
"1651",5,40.1,23.6,3.3,0.514450867052023
"1661",6,40.3,24.6,1.7,0.5
"1671",7,41.4,23.2,4.1,0.797687861271676
"1681",2,42.6,27.1,2.8,0.436416184971098
"1691",1,44.5,37.8,6.5,0.369942196531792
"1701",3,42,40.4,9.5,0.800578034682081
"1711",4,47.3,44.5,7,0.789017341040462
"1721",5,44,30.5,9.3,0.630057803468208
"1731",6,39.8,29,8.5,0.676300578034682
"1751",2,37.4,25,10.6,0.491329479768786
"1761",1,37.8,20.5,7.6,0.104046242774566
"1771",3,37,19.8,3,0.421965317919075
"1791",5,32.2,25.3,9.5,0.459537572254335
"1801",6,39.1,37.1,12.4,0.442196531791907
"1811",7,33,22.4,10,0.534682080924855
"1821",2,32.5,26.2,5.3,0.202312138728324
"1831",1,32.4,21.1,11.9,0.11271676300578
"1841",3,31.5,17.2,6.8,0.317919075144509
"125",1,83.6,63,4.1,0.479768786127168
"2100",3,80.3,54.1,3.8,0.554913294797688
"3100",4,79.8,56.7,2.9,0.84393063583815
"4101",5,81.8,65.6,3.6,0.173410404624277
"550",6,86.7,64.3,3.8,0.632947976878613
"612",7,81.9,62.3,3.1,0.76878612716763
"712",2,84.9,65.9,3.1,0.341040462427746
"812",1,80.6,65.5,3.1,0.265895953757225
"912",3,78.5,56.8,3.5,0.465317919075145
"1012",4,76.5,56.3,3.4,0.439306358381503
"1111",5,77.1,62,1.9,0.557803468208092
"126",6,77.4,60.2,2.3,0.592485549132948
"1312",7,78.9,60.7,3,0.667630057803468
"1412",2,78.5,62.7,3.5,0.473988439306358
"1512",1,79.7,68.6,2.8,0.352601156069364
"1612",3,79,67.9,4,0.450867052023121
"178",4,84.6,63.3,3.5,0.797687861271676
"1812",5,85.3,69.1,3.7,0.540462427745665
"1911",6,73.3,67.2,3.4,0.433526011560694
"2010",7,67.2,62.8,6.5,0.670520231213873
"2111",2,68.1,58.5,4.1,0.450867052023121
"2211",1,72.5,59.4,2,0.364161849710983
"2311",3,76,67.2,3,0.384393063583815
"2411",4,80.3,67.3,6,0.583815028901734
"2511",5,76.5,53.5,4.2,0.69364161849711
"2611",6,78,62.4,4.3,0.670520231213873
"2711",7,76.6,69.3,4.4,0.76878612716763
"2811",2,75.5,69.6,3.9,0.407514450867052
"2911",1,71.7,66.1,3.2,0.0115606936416185
"3011",3,73.1,65.1,2.2,0.456647398843931
"3111",4,73.4,64.3,3.8,0.485549132947977
"3210",5,72.2,68.4,2.5,0.705202312138728
"3310",6,75,68.4,2.7,0.572254335260116
"3410",7,77.9,70.8,4.4,0.627167630057804
"3511",2,77.9,71.7,4.1,0.566473988439306
"3611",1,78.1,72.4,6.1,0.421965317919075
"3711",3,77.3,66.9,5.5,0.638728323699422
"3811",4,75.2,58.1,1.2,0.505780346820809
"3911",5,77.8,67.1,1.1,0.450867052023121
"4011",6,78.2,69.6,2.3,0.604046242774566
"4111",7,75.3,71.3,5.4,0.708092485549133
"4211",2,77.7,71.5,6.9,0.390173410404624
"4311",1,77.8,65.4,5.7,0.384393063583815
"4411",3,76.3,61.2,4.3,0.38150289017341
"4511",4,76,62.6,2.3,0.427745664739884
"4611",5,73.6,68.9,3.5,0.664739884393064
"4711",6,74,64.3,3.1,0.696531791907514
"4811",7,77.9,60.7,3.3,0.583815028901734
"4911",2,69.8,63.7,4.1,0.485549132947977
"5011",1,68.7,55,1.3,0.274566473988439
"5110",3,71.4,56.7,0.8,0.291907514450867
"5210",4,72.8,57.2,2.5,0.317919075144509
"5311",5,73.8,60.3,1.7,0.38150289017341
"5410",6,74.7,61.7,2,0.583815028901734
"552",7,77.3,60.9,2,0.661849710982659
"562",2,75.7,65.2,3.2,0.294797687861272
"572",1,73.9,62.4,4.6,0.286127167630058
"582",3,71.9,66.3,2.7,0.508670520231214
"592",4,77.9,67.4,6,0.621387283236994
"602",5,73.3,53.2,4.7,0.514450867052023
"613",6,72,49.4,2.5,0.710982658959538
"622",7,78.7,56.1,3.9,0.950867052023121
"632",2,81.6,61.3,4.7,0.413294797687861
"642",1,75.4,65.9,3.2,0.141618497109827
"652",3,73.8,65.1,4.5,0.00289017341040462
"662",4,72.6,68.4,4.7,0.676300578034682
"672",5,75.2,71.5,5.4,0.661849710982659
"682",6,73.2,65.3,2.3,0.578034682080925
"692",7,77,67.8,2.7,0.890173410404624
"702",2,75.3,69.6,5.8,0.653179190751445
"713",1,68.4,57.3,3,0.265895953757225
"722",3,65.4,49.1,5.7,0.765895953757225
"732",4,62.8,41.8,3.1,0.430635838150289
"742",5,68.5,49.7,2.1,0.80635838150289
"752",6,70.4,54.8,3.2,0.751445086705202
"762",7,70.5,57.7,2.3,0.684971098265896
"772",2,67.2,54.1,5.1,0.534682080924855
"782",1,65.1,46.5,1.9,0.248554913294798
"792",3,66.5,48,2.2,0.23121387283237
"802",4,70.6,64.8,5.5,0.531791907514451
"813",5,66.7,56.1,6.3,0.69364161849711
"822",6,61,48.3,4.6,0.433526011560694
"832",7,64.7,53.7,4.7,0.815028901734104
"842",2,66.3,60.6,5.6,0.505780346820809
"852",1,63.8,50.3,6.4,0.312138728323699
"862",3,59,40.4,3.3,0.549132947976879
"872",4,62,43.4,4.9,0.641618497109827
"882",5,67.7,56.8,4.3,0.092485549132948
"892",6,69,60.4,1.8,0.716763005780347
"902",7,65.2,61.8,5.1,0.956647398843931
"913",2,62.4,58.8,3.9,0.326589595375723
"922",1,60.5,52.5,3.9,0.222543352601156
"932",3,60.6,46.8,4.7,0.528901734104046
"942",4,63.7,54.2,2.4,0.638728323699422
"952",5,65.6,64.3,3.5,0.375722543352601
"962",6,68.6,66.2,2.2,0.526011560693642
"972",7,67.8,59.7,3.3,0.927745664739884
"982",2,66.1,57.9,5.2,0.369942196531792
"992",1,52.5,42.3,2,0.315028901734104
"1002",3,49.9,42.9,3.5,0.0115606936416185
"1013",4,53.8,48.5,5.6,0.572254335260116
"1022",5,58.2,53.8,5.2,0.774566473988439
"1032",6,53.4,35.3,5.5,0.823699421965318
"1042",7,51.2,35.9,5.3,0.641618497109827
"1052",2,45.2,25.9,3.1,0.505780346820809
"1062",1,58.7,45.9,5,0.419075144508671
"1072",3,65.3,57.8,4.5,0.679190751445087
"1082",4,55.8,42.5,5.8,0.664739884393064
"1092",5,51.9,38,1.3,0.702312138728324
"1102",6,56.8,46.7,3.1,0.745664739884393
"1122",2,62.7,58.6,6.3,0.621387283236994
"1132",1,56.5,39,5,0.15606936416185
"1142",3,57.8,40.1,4.3,0.684971098265896
"1152",4,59,44.9,2.2,0.433526011560694
"1162",5,57.1,53.5,4.1,0.352601156069364
"1172",6,58,51.3,3,0.401734104046243
"1182",7,60.8,53.4,1.5,0.653179190751445
"1192",2,61.9,53.9,4.3,0.439306358381503
"1202",1,57.7,50,11.9,0.0895953757225433
"1222",4,53.9,48.9,8.9,0
"1232",5,49.7,43.2,5.5,0.511560693641618
"1242",6,47.7,37.4,6,0.19364161849711
"1282",3,42.3,27.3,5.5,0.309248554913295
"1292",4,36.6,17.4,4.8,0.410404624277457
"1302",5,37.1,27.1,10.1,1
"1313",6,41.2,35.1,15.2,0.514450867052023
"1322",7,43.3,25.8,9.6,0.913294797687861
"1332",2,48,35,2,0.208092485549133
"1342",1,54.7,45.1,1.6,0.445086705202312
"1352",3,56.7,50.2,2.9,0.505780346820809
"1362",4,52.4,47.5,6.1,0.797687861271676
"1372",5,42.8,29.9,7.7,0.73121387283237
"1382",6,40.4,25,5.3,0.725433526011561
"1392",7,41.9,29.5,5.8,0.867052023121387
"1402",2,43.6,27.9,4.7,0.491329479768786
"1413",1,43.2,31,5.5,0.213872832369942
"1422",3,43,34.8,6.3,0.615606936416185
"1432",4,44.4,32.8,3.6,0.864161849710983
"1442",5,46.5,32.7,4.2,0.916184971098266
"1452",6,47.3,36.2,3.4,0.0346820809248555
"1462",7,48.3,40.8,3.4,0.315028901734104
"1472",2,44.1,27.7,7.6,0.248554913294798
"1482",1,36.6,17.2,7.1,0.124277456647399
"1492",3,40.3,19.7,4.9,0.552023121387283
"1502",4,38.7,27.2,4.4,0.609826589595376
"1513",5,37.5,28.8,7.1,0.404624277456647
"1522",6,37.5,21.9,5.8,0.413294797687861
"1532",7,41.3,25.8,4.7,0.589595375722543
"1542",2,38.5,32.1,9.2,0.312138728323699
"1552",1,44.3,41,3,0.239884393063584
"1562",3,53.5,45.3,3.9,0.719653179190751
"1572",4,51.9,47.1,2.9,0.719653179190751
"1582",5,52.6,41.5,6.3,0.410404624277457
"1592",6,35,16.8,3.6,0.716763005780347
"1602",7,38.8,30.9,1.9,0.988439306358382
"1613",2,47.3,46,3.5,0.601156069364162
"1622",1,46.2,41.7,5.4,0.497109826589595
"1632",3,50.3,49.5,5.7,0.713872832369942
"1642",4,50.1,43.2,6,0.595375722543353
"1652",5,40.1,23.6,3.3,0.514450867052023
"1662",6,40.3,24.6,1.7,0.5
"1672",7,41.4,23.2,4.1,0.797687861271676
"1682",2,42.6,27.1,2.8,0.436416184971098
"1692",1,44.5,37.8,6.5,0.369942196531792
"1702",3,42,40.4,9.5,0.800578034682081
"1712",4,47.3,44.5,7,0.789017341040462
"1722",5,44,30.5,9.3,0.630057803468208
"1732",6,39.8,29,8.5,0.676300578034682
"1752",2,37.4,25,10.6,0.491329479768786
"1762",1,37.8,20.5,7.6,0.104046242774566
"1772",3,37,19.8,3,0.421965317919075
"1792",5,32.2,25.3,9.5,0.459537572254335
"1802",6,39.1,37.1,12.4,0.442196531791907
"1813",7,33,22.4,10,0.534682080924855
"1822",2,32.5,26.2,5.3,0.202312138728324
"1832",1,32.4,21.1,11.9,0.11271676300578
"1842",3,31.5,17.2,6.8,0.317919075144509
"127",1,83.6,63,4.1,0.479768786127168
"2101",3,80.3,54.1,3.8,0.554913294797688
"3101",4,79.8,56.7,2.9,0.84393063583815
"4102",5,81.8,65.6,3.6,0.173410404624277
"553",6,86.7,64.3,3.8,0.632947976878613
"614",7,81.9,62.3,3.1,0.76878612716763
"714",2,84.9,65.9,3.1,0.341040462427746
"814",1,80.6,65.5,3.1,0.265895953757225
"914",3,78.5,56.8,3.5,0.465317919075145
"1014",4,76.5,56.3,3.4,0.439306358381503
"1112",5,77.1,62,1.9,0.557803468208092
"1210",6,77.4,60.2,2.3,0.592485549132948
"1314",7,78.9,60.7,3,0.667630057803468
"1414",2,78.5,62.7,3.5,0.473988439306358
"1514",1,79.7,68.6,2.8,0.352601156069364
"1614",3,79,67.9,4,0.450867052023121
"1710",4,84.6,63.3,3.5,0.797687861271676
"1814",5,85.3,69.1,3.7,0.540462427745665
"1912",6,73.3,67.2,3.4,0.433526011560694
"2011",7,67.2,62.8,6.5,0.670520231213873
"2112",2,68.1,58.5,4.1,0.450867052023121
"2212",1,72.5,59.4,2,0.364161849710983
"2312",3,76,67.2,3,0.384393063583815
"2412",4,80.3,67.3,6,0.583815028901734
"2512",5,76.5,53.5,4.2,0.69364161849711
"2612",6,78,62.4,4.3,0.670520231213873
"2712",7,76.6,69.3,4.4,0.76878612716763
"2812",2,75.5,69.6,3.9,0.407514450867052
"2912",1,71.7,66.1,3.2,0.0115606936416185
"3012",3,73.1,65.1,2.2,0.456647398843931
"3112",4,73.4,64.3,3.8,0.485549132947977
"3211",5,72.2,68.4,2.5,0.705202312138728
"3311",6,75,68.4,2.7,0.572254335260116
"3411",7,77.9,70.8,4.4,0.627167630057804
"3512",2,77.9,71.7,4.1,0.566473988439306
"3612",1,78.1,72.4,6.1,0.421965317919075
"3712",3,77.3,66.9,5.5,0.638728323699422
"3812",4,75.2,58.1,1.2,0.505780346820809
"3912",5,77.8,67.1,1.1,0.450867052023121
"4012",6,78.2,69.6,2.3,0.604046242774566
"4112",7,75.3,71.3,5.4,0.708092485549133
"4212",2,77.7,71.5,6.9,0.390173410404624
"4312",1,77.8,65.4,5.7,0.384393063583815
"4412",3,76.3,61.2,4.3,0.38150289017341
"4512",4,76,62.6,2.3,0.427745664739884
"4612",5,73.6,68.9,3.5,0.664739884393064
"4712",6,74,64.3,3.1,0.696531791907514
"4812",7,77.9,60.7,3.3,0.583815028901734
"4912",2,69.8,63.7,4.1,0.485549132947977
"5012",1,68.7,55,1.3,0.274566473988439
"5111",3,71.4,56.7,0.8,0.291907514450867
"5211",4,72.8,57.2,2.5,0.317919075144509
"5312",5,73.8,60.3,1.7,0.38150289017341
"5411",6,74.7,61.7,2,0.583815028901734
"554",7,77.3,60.9,2,0.661849710982659
"563",2,75.7,65.2,3.2,0.294797687861272
"573",1,73.9,62.4,4.6,0.286127167630058
"583",3,71.9,66.3,2.7,0.508670520231214
"593",4,77.9,67.4,6,0.621387283236994
"603",5,73.3,53.2,4.7,0.514450867052023
"615",6,72,49.4,2.5,0.710982658959538
"623",7,78.7,56.1,3.9,0.950867052023121
"633",2,81.6,61.3,4.7,0.413294797687861
"643",1,75.4,65.9,3.2,0.141618497109827
"653",3,73.8,65.1,4.5,0.00289017341040462
"663",4,72.6,68.4,4.7,0.676300578034682
"673",5,75.2,71.5,5.4,0.661849710982659
"683",6,73.2,65.3,2.3,0.578034682080925
"693",7,77,67.8,2.7,0.890173410404624
"703",2,75.3,69.6,5.8,0.653179190751445
"715",1,68.4,57.3,3,0.265895953757225
"723",3,65.4,49.1,5.7,0.765895953757225
"733",4,62.8,41.8,3.1,0.430635838150289
"743",5,68.5,49.7,2.1,0.80635838150289
"753",6,70.4,54.8,3.2,0.751445086705202
"763",7,70.5,57.7,2.3,0.684971098265896
"773",2,67.2,54.1,5.1,0.534682080924855
"783",1,65.1,46.5,1.9,0.248554913294798
"793",3,66.5,48,2.2,0.23121387283237
"803",4,70.6,64.8,5.5,0.531791907514451
"815",5,66.7,56.1,6.3,0.69364161849711
"823",6,61,48.3,4.6,0.433526011560694
"833",7,64.7,53.7,4.7,0.815028901734104
"843",2,66.3,60.6,5.6,0.505780346820809
"853",1,63.8,50.3,6.4,0.312138728323699
"863",3,59,40.4,3.3,0.549132947976879
"873",4,62,43.4,4.9,0.641618497109827
"883",5,67.7,56.8,4.3,0.092485549132948
"893",6,69,60.4,1.8,0.716763005780347
"903",7,65.2,61.8,5.1,0.956647398843931
"915",2,62.4,58.8,3.9,0.326589595375723
"923",1,60.5,52.5,3.9,0.222543352601156
"933",3,60.6,46.8,4.7,0.528901734104046
"943",4,63.7,54.2,2.4,0.638728323699422
"953",5,65.6,64.3,3.5,0.375722543352601
"963",6,68.6,66.2,2.2,0.526011560693642
"973",7,67.8,59.7,3.3,0.927745664739884
"983",2,66.1,57.9,5.2,0.369942196531792
"993",1,52.5,42.3,2,0.315028901734104
"1003",3,49.9,42.9,3.5,0.0115606936416185
"1015",4,53.8,48.5,5.6,0.572254335260116
"1023",5,58.2,53.8,5.2,0.774566473988439
"1033",6,53.4,35.3,5.5,0.823699421965318
"1043",7,51.2,35.9,5.3,0.641618497109827
"1053",2,45.2,25.9,3.1,0.505780346820809
"1063",1,58.7,45.9,5,0.419075144508671
"1073",3,65.3,57.8,4.5,0.679190751445087
"1083",4,55.8,42.5,5.8,0.664739884393064
"1093",5,51.9,38,1.3,0.702312138728324
"1103",6,56.8,46.7,3.1,0.745664739884393
"1123",2,62.7,58.6,6.3,0.621387283236994
"1133",1,56.5,39,5,0.15606936416185
"1143",3,57.8,40.1,4.3,0.684971098265896
"1153",4,59,44.9,2.2,0.433526011560694
"1163",5,57.1,53.5,4.1,0.352601156069364
"1173",6,58,51.3,3,0.401734104046243
"1183",7,60.8,53.4,1.5,0.653179190751445
"1193",2,61.9,53.9,4.3,0.439306358381503
"1203",1,57.7,50,11.9,0.0895953757225433
"1223",4,53.9,48.9,8.9,0
"1233",5,49.7,43.2,5.5,0.511560693641618
"1243",6,47.7,37.4,6,0.19364161849711
"1283",3,42.3,27.3,5.5,0.309248554913295
"1293",4,36.6,17.4,4.8,0.410404624277457
"1303",5,37.1,27.1,10.1,1
"1315",6,41.2,35.1,15.2,0.514450867052023
"1323",7,43.3,25.8,9.6,0.913294797687861
"1333",2,48,35,2,0.208092485549133
"1343",1,54.7,45.1,1.6,0.445086705202312
"1353",3,56.7,50.2,2.9,0.505780346820809
"1363",4,52.4,47.5,6.1,0.797687861271676
"1373",5,42.8,29.9,7.7,0.73121387283237
"1383",6,40.4,25,5.3,0.725433526011561
"1393",7,41.9,29.5,5.8,0.867052023121387
"1403",2,43.6,27.9,4.7,0.491329479768786
"1415",1,43.2,31,5.5,0.213872832369942
"1423",3,43,34.8,6.3,0.615606936416185
"1433",4,44.4,32.8,3.6,0.864161849710983
"1443",5,46.5,32.7,4.2,0.916184971098266
"1453",6,47.3,36.2,3.4,0.0346820809248555
"1463",7,48.3,40.8,3.4,0.315028901734104
"1473",2,44.1,27.7,7.6,0.248554913294798
"1483",1,36.6,17.2,7.1,0.124277456647399
"1493",3,40.3,19.7,4.9,0.552023121387283
"1503",4,38.7,27.2,4.4,0.609826589595376
"1515",5,37.5,28.8,7.1,0.404624277456647
"1523",6,37.5,21.9,5.8,0.413294797687861
"1533",7,41.3,25.8,4.7,0.589595375722543
"1543",2,38.5,32.1,9.2,0.312138728323699
"1553",1,44.3,41,3,0.239884393063584
"1563",3,53.5,45.3,3.9,0.719653179190751
"1573",4,51.9,47.1,2.9,0.719653179190751
"1583",5,52.6,41.5,6.3,0.410404624277457
"1593",6,35,16.8,3.6,0.716763005780347
"1603",7,38.8,30.9,1.9,0.988439306358382
"1615",2,47.3,46,3.5,0.601156069364162
"1623",1,46.2,41.7,5.4,0.497109826589595
"1633",3,50.3,49.5,5.7,0.713872832369942
"1643",4,50.1,43.2,6,0.595375722543353
"1653",5,40.1,23.6,3.3,0.514450867052023
"1663",6,40.3,24.6,1.7,0.5
"1673",7,41.4,23.2,4.1,0.797687861271676
"1683",2,42.6,27.1,2.8,0.436416184971098
"1693",1,44.5,37.8,6.5,0.369942196531792
"1703",3,42,40.4,9.5,0.800578034682081
"1713",4,47.3,44.5,7,0.789017341040462
"1723",5,44,30.5,9.3,0.630057803468208
"1733",6,39.8,29,8.5,0.676300578034682
"1753",2,37.4,25,10.6,0.491329479768786
"1763",1,37.8,20.5,7.6,0.104046242774566
"1773",3,37,19.8,3,0.421965317919075
"1793",5,32.2,25.3,9.5,0.459537572254335
"1803",6,39.1,37.1,12.4,0.442196531791907
"1815",7,33,22.4,10,0.534682080924855
"1823",2,32.5,26.2,5.3,0.202312138728324
"1833",1,32.4,21.1,11.9,0.11271676300578
"1843",3,31.5,17.2,6.8,0.317919075144509
"1100",1,83.6,63,4.1,0.479768786127168
"2102",3,80.3,54.1,3.8,0.554913294797688
"3102",4,79.8,56.7,2.9,0.84393063583815
"4103",5,81.8,65.6,3.6,0.173410404624277
"555",6,86.7,64.3,3.8,0.632947976878613
"616",7,81.9,62.3,3.1,0.76878612716763
"716",2,84.9,65.9,3.1,0.341040462427746
"816",1,80.6,65.5,3.1,0.265895953757225
"916",3,78.5,56.8,3.5,0.465317919075145
"1016",4,76.5,56.3,3.4,0.439306358381503
"1113",5,77.1,62,1.9,0.557803468208092
"1211",6,77.4,60.2,2.3,0.592485549132948
"1316",7,78.9,60.7,3,0.667630057803468
"1416",2,78.5,62.7,3.5,0.473988439306358
"1516",1,79.7,68.6,2.8,0.352601156069364
"1616",3,79,67.9,4,0.450867052023121
"1714",4,84.6,63.3,3.5,0.797687861271676
"1816",5,85.3,69.1,3.7,0.540462427745665
"1913",6,73.3,67.2,3.4,0.433526011560694
"2012",7,67.2,62.8,6.5,0.670520231213873
"2113",2,68.1,58.5,4.1,0.450867052023121
"2213",1,72.5,59.4,2,0.364161849710983
"2313",3,76,67.2,3,0.384393063583815
"2413",4,80.3,67.3,6,0.583815028901734
"2513",5,76.5,53.5,4.2,0.69364161849711
"2613",6,78,62.4,4.3,0.670520231213873
"2713",7,76.6,69.3,4.4,0.76878612716763
"2813",2,75.5,69.6,3.9,0.407514450867052
"2913",1,71.7,66.1,3.2,0.0115606936416185
"3013",3,73.1,65.1,2.2,0.456647398843931
"3113",4,73.4,64.3,3.8,0.485549132947977
"3212",5,72.2,68.4,2.5,0.705202312138728
"3312",6,75,68.4,2.7,0.572254335260116
"3412",7,77.9,70.8,4.4,0.627167630057804
"3513",2,77.9,71.7,4.1,0.566473988439306
"3613",1,78.1,72.4,6.1,0.421965317919075
"3713",3,77.3,66.9,5.5,0.638728323699422
"3813",4,75.2,58.1,1.2,0.505780346820809
"3913",5,77.8,67.1,1.1,0.450867052023121
"4013",6,78.2,69.6,2.3,0.604046242774566
"4113",7,75.3,71.3,5.4,0.708092485549133
"4213",2,77.7,71.5,6.9,0.390173410404624
"4313",1,77.8,65.4,5.7,0.384393063583815
"4413",3,76.3,61.2,4.3,0.38150289017341
"4513",4,76,62.6,2.3,0.427745664739884
"4613",5,73.6,68.9,3.5,0.664739884393064
"4713",6,74,64.3,3.1,0.696531791907514
"4813",7,77.9,60.7,3.3,0.583815028901734
"4913",2,69.8,63.7,4.1,0.485549132947977
"5013",1,68.7,55,1.3,0.274566473988439
"5112",3,71.4,56.7,0.8,0.291907514450867
"5212",4,72.8,57.2,2.5,0.317919075144509
"5313",5,73.8,60.3,1.7,0.38150289017341
"5412",6,74.7,61.7,2,0.583815028901734
"556",7,77.3,60.9,2,0.661849710982659
"564",2,75.7,65.2,3.2,0.294797687861272
"574",1,73.9,62.4,4.6,0.286127167630058
"584",3,71.9,66.3,2.7,0.508670520231214
"594",4,77.9,67.4,6,0.621387283236994
"604",5,73.3,53.2,4.7,0.514450867052023
"617",6,72,49.4,2.5,0.710982658959538
"624",7,78.7,56.1,3.9,0.950867052023121
"634",2,81.6,61.3,4.7,0.413294797687861
"644",1,75.4,65.9,3.2,0.141618497109827
"654",3,73.8,65.1,4.5,0.00289017341040462
"664",4,72.6,68.4,4.7,0.676300578034682
"674",5,75.2,71.5,5.4,0.661849710982659
"684",6,73.2,65.3,2.3,0.578034682080925
"694",7,77,67.8,2.7,0.890173410404624
"704",2,75.3,69.6,5.8,0.653179190751445
"717",1,68.4,57.3,3,0.265895953757225
"724",3,65.4,49.1,5.7,0.765895953757225
"734",4,62.8,41.8,3.1,0.430635838150289
"744",5,68.5,49.7,2.1,0.80635838150289
"754",6,70.4,54.8,3.2,0.751445086705202
"764",7,70.5,57.7,2.3,0.684971098265896
"774",2,67.2,54.1,5.1,0.534682080924855
"784",1,65.1,46.5,1.9,0.248554913294798
"794",3,66.5,48,2.2,0.23121387283237
"804",4,70.6,64.8,5.5,0.531791907514451
"817",5,66.7,56.1,6.3,0.69364161849711
"824",6,61,48.3,4.6,0.433526011560694
"834",7,64.7,53.7,4.7,0.815028901734104
"844",2,66.3,60.6,5.6,0.505780346820809
"854",1,63.8,50.3,6.4,0.312138728323699
"864",3,59,40.4,3.3,0.549132947976879
"874",4,62,43.4,4.9,0.641618497109827
"884",5,67.7,56.8,4.3,0.092485549132948
"894",6,69,60.4,1.8,0.716763005780347
"904",7,65.2,61.8,5.1,0.956647398843931
"917",2,62.4,58.8,3.9,0.326589595375723
"924",1,60.5,52.5,3.9,0.222543352601156
"934",3,60.6,46.8,4.7,0.528901734104046
"944",4,63.7,54.2,2.4,0.638728323699422
"954",5,65.6,64.3,3.5,0.375722543352601
"964",6,68.6,66.2,2.2,0.526011560693642
"974",7,67.8,59.7,3.3,0.927745664739884
"984",2,66.1,57.9,5.2,0.369942196531792
"994",1,52.5,42.3,2,0.315028901734104
"1004",3,49.9,42.9,3.5,0.0115606936416185
"1017",4,53.8,48.5,5.6,0.572254335260116
"1024",5,58.2,53.8,5.2,0.774566473988439
"1034",6,53.4,35.3,5.5,0.823699421965318
"1044",7,51.2,35.9,5.3,0.641618497109827
"1054",2,45.2,25.9,3.1,0.505780346820809
"1064",1,58.7,45.9,5,0.419075144508671
"1074",3,65.3,57.8,4.5,0.679190751445087
"1084",4,55.8,42.5,5.8,0.664739884393064
"1094",5,51.9,38,1.3,0.702312138728324
"1104",6,56.8,46.7,3.1,0.745664739884393
"1124",2,62.7,58.6,6.3,0.621387283236994
"1134",1,56.5,39,5,0.15606936416185
"1144",3,57.8,40.1,4.3,0.684971098265896
"1154",4,59,44.9,2.2,0.433526011560694
"1164",5,57.1,53.5,4.1,0.352601156069364
"1174",6,58,51.3,3,0.401734104046243
"1184",7,60.8,53.4,1.5,0.653179190751445
"1194",2,61.9,53.9,4.3,0.439306358381503
"1204",1,57.7,50,11.9,0.0895953757225433
"1224",4,53.9,48.9,8.9,0
"1234",5,49.7,43.2,5.5,0.511560693641618
"1244",6,47.7,37.4,6,0.19364161849711
"1284",3,42.3,27.3,5.5,0.309248554913295
"1294",4,36.6,17.4,4.8,0.410404624277457
"1304",5,37.1,27.1,10.1,1
"1317",6,41.2,35.1,15.2,0.514450867052023
"1324",7,43.3,25.8,9.6,0.913294797687861
"1334",2,48,35,2,0.208092485549133
"1344",1,54.7,45.1,1.6,0.445086705202312
"1354",3,56.7,50.2,2.9,0.505780346820809
"1364",4,52.4,47.5,6.1,0.797687861271676
"1374",5,42.8,29.9,7.7,0.73121387283237
"1384",6,40.4,25,5.3,0.725433526011561
"1394",7,41.9,29.5,5.8,0.867052023121387
"1404",2,43.6,27.9,4.7,0.491329479768786
"1417",1,43.2,31,5.5,0.213872832369942
"1424",3,43,34.8,6.3,0.615606936416185
"1434",4,44.4,32.8,3.6,0.864161849710983
"1444",5,46.5,32.7,4.2,0.916184971098266
"1454",6,47.3,36.2,3.4,0.0346820809248555
"1464",7,48.3,40.8,3.4,0.315028901734104
"1474",2,44.1,27.7,7.6,0.248554913294798
"1484",1,36.6,17.2,7.1,0.124277456647399
"1494",3,40.3,19.7,4.9,0.552023121387283
"1504",4,38.7,27.2,4.4,0.609826589595376
"1517",5,37.5,28.8,7.1,0.404624277456647
"1524",6,37.5,21.9,5.8,0.413294797687861
"1534",7,41.3,25.8,4.7,0.589595375722543
"1544",2,38.5,32.1,9.2,0.312138728323699
"1554",1,44.3,41,3,0.239884393063584
"1564",3,53.5,45.3,3.9,0.719653179190751
"1574",4,51.9,47.1,2.9,0.719653179190751
"1584",5,52.6,41.5,6.3,0.410404624277457
"1594",6,35,16.8,3.6,0.716763005780347
"1604",7,38.8,30.9,1.9,0.988439306358382
"1617",2,47.3,46,3.5,0.601156069364162
"1624",1,46.2,41.7,5.4,0.497109826589595
"1634",3,50.3,49.5,5.7,0.713872832369942
"1644",4,50.1,43.2,6,0.595375722543353
"1654",5,40.1,23.6,3.3,0.514450867052023
"1664",6,40.3,24.6,1.7,0.5
"1674",7,41.4,23.2,4.1,0.797687861271676
"1684",2,42.6,27.1,2.8,0.436416184971098
"1694",1,44.5,37.8,6.5,0.369942196531792
"1704",3,42,40.4,9.5,0.800578034682081
"1715",4,47.3,44.5,7,0.789017341040462
"1724",5,44,30.5,9.3,0.630057803468208
"1734",6,39.8,29,8.5,0.676300578034682
"1754",2,37.4,25,10.6,0.491329479768786
"1764",1,37.8,20.5,7.6,0.104046242774566
"1774",3,37,19.8,3,0.421965317919075
"1794",5,32.2,25.3,9.5,0.459537572254335
"1804",6,39.1,37.1,12.4,0.442196531791907
"1817",7,33,22.4,10,0.534682080924855
"1824",2,32.5,26.2,5.3,0.202312138728324
"1834",1,32.4,21.1,11.9,0.11271676300578
"1844",3,31.5,17.2,6.8,0.317919075144509
"1105",1,83.6,63,4.1,0.479768786127168
"2103",3,80.3,54.1,3.8,0.554913294797688
"3103",4,79.8,56.7,2.9,0.84393063583815
"4104",5,81.8,65.6,3.6,0.173410404624277
"557",6,86.7,64.3,3.8,0.632947976878613
"618",7,81.9,62.3,3.1,0.76878612716763
"718",2,84.9,65.9,3.1,0.341040462427746
"818",1,80.6,65.5,3.1,0.265895953757225
"918",3,78.5,56.8,3.5,0.465317919075145
"1018",4,76.5,56.3,3.4,0.439306358381503
"1114",5,77.1,62,1.9,0.557803468208092
"1212",6,77.4,60.2,2.3,0.592485549132948
"1318",7,78.9,60.7,3,0.667630057803468
"1418",2,78.5,62.7,3.5,0.473988439306358
"1518",1,79.7,68.6,2.8,0.352601156069364
"1618",3,79,67.9,4,0.450867052023121
"1716",4,84.6,63.3,3.5,0.797687861271676
"1818",5,85.3,69.1,3.7,0.540462427745665
"1914",6,73.3,67.2,3.4,0.433526011560694
"2013",7,67.2,62.8,6.5,0.670520231213873
"2114",2,68.1,58.5,4.1,0.450867052023121
"2214",1,72.5,59.4,2,0.364161849710983
"2314",3,76,67.2,3,0.384393063583815
"2414",4,80.3,67.3,6,0.583815028901734
"2514",5,76.5,53.5,4.2,0.69364161849711
"2614",6,78,62.4,4.3,0.670520231213873
"2714",7,76.6,69.3,4.4,0.76878612716763
"2814",2,75.5,69.6,3.9,0.407514450867052
"2914",1,71.7,66.1,3.2,0.0115606936416185
"3014",3,73.1,65.1,2.2,0.456647398843931
"3114",4,73.4,64.3,3.8,0.485549132947977
"3213",5,72.2,68.4,2.5,0.705202312138728
"3313",6,75,68.4,2.7,0.572254335260116
"3413",7,77.9,70.8,4.4,0.627167630057804
"3514",2,77.9,71.7,4.1,0.566473988439306
"3614",1,78.1,72.4,6.1,0.421965317919075
"3714",3,77.3,66.9,5.5,0.638728323699422
"3814",4,75.2,58.1,1.2,0.505780346820809
"3914",5,77.8,67.1,1.1,0.450867052023121
"4014",6,78.2,69.6,2.3,0.604046242774566
"4114",7,75.3,71.3,5.4,0.708092485549133
"4214",2,77.7,71.5,6.9,0.390173410404624
"4314",1,77.8,65.4,5.7,0.384393063583815
"4414",3,76.3,61.2,4.3,0.38150289017341
"4514",4,76,62.6,2.3,0.427745664739884
"4614",5,73.6,68.9,3.5,0.664739884393064
"4714",6,74,64.3,3.1,0.696531791907514
"4814",7,77.9,60.7,3.3,0.583815028901734
"4914",2,69.8,63.7,4.1,0.485549132947977
"5014",1,68.7,55,1.3,0.274566473988439
"5113",3,71.4,56.7,0.8,0.291907514450867
"5213",4,72.8,57.2,2.5,0.317919075144509
"5314",5,73.8,60.3,1.7,0.38150289017341
"5413",6,74.7,61.7,2,0.583815028901734
"558",7,77.3,60.9,2,0.661849710982659
"565",2,75.7,65.2,3.2,0.294797687861272
"575",1,73.9,62.4,4.6,0.286127167630058
"585",3,71.9,66.3,2.7,0.508670520231214
"595",4,77.9,67.4,6,0.621387283236994
"605",5,73.3,53.2,4.7,0.514450867052023
"619",6,72,49.4,2.5,0.710982658959538
"625",7,78.7,56.1,3.9,0.950867052023121
"635",2,81.6,61.3,4.7,0.413294797687861
"645",1,75.4,65.9,3.2,0.141618497109827
"655",3,73.8,65.1,4.5,0.00289017341040462
"665",4,72.6,68.4,4.7,0.676300578034682
"675",5,75.2,71.5,5.4,0.661849710982659
"685",6,73.2,65.3,2.3,0.578034682080925
"695",7,77,67.8,2.7,0.890173410404624
"705",2,75.3,69.6,5.8,0.653179190751445
"719",1,68.4,57.3,3,0.265895953757225
"725",3,65.4,49.1,5.7,0.765895953757225
"735",4,62.8,41.8,3.1,0.430635838150289
"745",5,68.5,49.7,2.1,0.80635838150289
"755",6,70.4,54.8,3.2,0.751445086705202
"765",7,70.5,57.7,2.3,0.684971098265896
"775",2,67.2,54.1,5.1,0.534682080924855
"785",1,65.1,46.5,1.9,0.248554913294798
"795",3,66.5,48,2.2,0.23121387283237
"805",4,70.6,64.8,5.5,0.531791907514451
"819",5,66.7,56.1,6.3,0.69364161849711
"825",6,61,48.3,4.6,0.433526011560694
"835",7,64.7,53.7,4.7,0.815028901734104
"845",2,66.3,60.6,5.6,0.505780346820809
"855",1,63.8,50.3,6.4,0.312138728323699
"865",3,59,40.4,3.3,0.549132947976879
"875",4,62,43.4,4.9,0.641618497109827
"885",5,67.7,56.8,4.3,0.092485549132948
"895",6,69,60.4,1.8,0.716763005780347
"905",7,65.2,61.8,5.1,0.956647398843931
"919",2,62.4,58.8,3.9,0.326589595375723
"925",1,60.5,52.5,3.9,0.222543352601156
"935",3,60.6,46.8,4.7,0.528901734104046
"945",4,63.7,54.2,2.4,0.638728323699422
"955",5,65.6,64.3,3.5,0.375722543352601
"965",6,68.6,66.2,2.2,0.526011560693642
"975",7,67.8,59.7,3.3,0.927745664739884
"985",2,66.1,57.9,5.2,0.369942196531792
"995",1,52.5,42.3,2,0.315028901734104
"1005",3,49.9,42.9,3.5,0.0115606936416185
"1019",4,53.8,48.5,5.6,0.572254335260116
"1025",5,58.2,53.8,5.2,0.774566473988439
"1035",6,53.4,35.3,5.5,0.823699421965318
"1045",7,51.2,35.9,5.3,0.641618497109827
"1055",2,45.2,25.9,3.1,0.505780346820809
"1065",1,58.7,45.9,5,0.419075144508671
"1075",3,65.3,57.8,4.5,0.679190751445087
"1085",4,55.8,42.5,5.8,0.664739884393064
"1095",5,51.9,38,1.3,0.702312138728324
"1106",6,56.8,46.7,3.1,0.745664739884393
"1125",2,62.7,58.6,6.3,0.621387283236994
"1135",1,56.5,39,5,0.15606936416185
"1145",3,57.8,40.1,4.3,0.684971098265896
"1155",4,59,44.9,2.2,0.433526011560694
"1165",5,57.1,53.5,4.1,0.352601156069364
"1175",6,58,51.3,3,0.401734104046243
"1185",7,60.8,53.4,1.5,0.653179190751445
"1195",2,61.9,53.9,4.3,0.439306358381503
"1205",1,57.7,50,11.9,0.0895953757225433
"1225",4,53.9,48.9,8.9,0
"1235",5,49.7,43.2,5.5,0.511560693641618
"1245",6,47.7,37.4,6,0.19364161849711
"1285",3,42.3,27.3,5.5,0.309248554913295
"1295",4,36.6,17.4,4.8,0.410404624277457
"1305",5,37.1,27.1,10.1,1
"1319",6,41.2,35.1,15.2,0.514450867052023
"1325",7,43.3,25.8,9.6,0.913294797687861
"1335",2,48,35,2,0.208092485549133
"1345",1,54.7,45.1,1.6,0.445086705202312
"1355",3,56.7,50.2,2.9,0.505780346820809
"1365",4,52.4,47.5,6.1,0.797687861271676
"1375",5,42.8,29.9,7.7,0.73121387283237
"1385",6,40.4,25,5.3,0.725433526011561
"1395",7,41.9,29.5,5.8,0.867052023121387
"1405",2,43.6,27.9,4.7,0.491329479768786
"1419",1,43.2,31,5.5,0.213872832369942
"1425",3,43,34.8,6.3,0.615606936416185
"1435",4,44.4,32.8,3.6,0.864161849710983
"1445",5,46.5,32.7,4.2,0.916184971098266
"1455",6,47.3,36.2,3.4,0.0346820809248555
"1465",7,48.3,40.8,3.4,0.315028901734104
"1475",2,44.1,27.7,7.6,0.248554913294798
"1485",1,36.6,17.2,7.1,0.124277456647399
"1495",3,40.3,19.7,4.9,0.552023121387283
"1505",4,38.7,27.2,4.4,0.609826589595376
"1519",5,37.5,28.8,7.1,0.404624277456647
"1525",6,37.5,21.9,5.8,0.413294797687861
"1535",7,41.3,25.8,4.7,0.589595375722543
"1545",2,38.5,32.1,9.2,0.312138728323699
"1555",1,44.3,41,3,0.239884393063584
"1565",3,53.5,45.3,3.9,0.719653179190751
"1575",4,51.9,47.1,2.9,0.719653179190751
"1585",5,52.6,41.5,6.3,0.410404624277457
"1595",6,35,16.8,3.6,0.716763005780347
"1605",7,38.8,30.9,1.9,0.988439306358382
"1619",2,47.3,46,3.5,0.601156069364162
"1625",1,46.2,41.7,5.4,0.497109826589595
"1635",3,50.3,49.5,5.7,0.713872832369942
"1645",4,50.1,43.2,6,0.595375722543353
"1655",5,40.1,23.6,3.3,0.514450867052023
"1665",6,40.3,24.6,1.7,0.5
"1675",7,41.4,23.2,4.1,0.797687861271676
"1685",2,42.6,27.1,2.8,0.436416184971098
"1695",1,44.5,37.8,6.5,0.369942196531792
"1705",3,42,40.4,9.5,0.800578034682081
"1717",4,47.3,44.5,7,0.789017341040462
"1725",5,44,30.5,9.3,0.630057803468208
"1735",6,39.8,29,8.5,0.676300578034682
"1755",2,37.4,25,10.6,0.491329479768786
"1765",1,37.8,20.5,7.6,0.104046242774566
"1775",3,37,19.8,3,0.421965317919075
"1795",5,32.2,25.3,9.5,0.459537572254335
"1805",6,39.1,37.1,12.4,0.442196531791907
"1819",7,33,22.4,10,0.534682080924855
"1825",2,32.5,26.2,5.3,0.202312138728324
"1835",1,32.4,21.1,11.9,0.11271676300578
"1845",3,31.5,17.2,6.8,0.317919075144509
"1107",1,83.6,63,4.1,0.479768786127168
"2104",3,80.3,54.1,3.8,0.554913294797688
"3104",4,79.8,56.7,2.9,0.84393063583815
"4105",5,81.8,65.6,3.6,0.173410404624277
"559",6,86.7,64.3,3.8,0.632947976878613
"620",7,81.9,62.3,3.1,0.76878612716763
"720",2,84.9,65.9,3.1,0.341040462427746
"820",1,80.6,65.5,3.1,0.265895953757225
"920",3,78.5,56.8,3.5,0.465317919075145
"1020",4,76.5,56.3,3.4,0.439306358381503
"1115",5,77.1,62,1.9,0.557803468208092
"1213",6,77.4,60.2,2.3,0.592485549132948
"1320",7,78.9,60.7,3,0.667630057803468
"1420",2,78.5,62.7,3.5,0.473988439306358
"1520",1,79.7,68.6,2.8,0.352601156069364
"1620",3,79,67.9,4,0.450867052023121
"1718",4,84.6,63.3,3.5,0.797687861271676
"1820",5,85.3,69.1,3.7,0.540462427745665
"1915",6,73.3,67.2,3.4,0.433526011560694
"2014",7,67.2,62.8,6.5,0.670520231213873
"2115",2,68.1,58.5,4.1,0.450867052023121
"2215",1,72.5,59.4,2,0.364161849710983
"2315",3,76,67.2,3,0.384393063583815
"2415",4,80.3,67.3,6,0.583815028901734
"2515",5,76.5,53.5,4.2,0.69364161849711
"2615",6,78,62.4,4.3,0.670520231213873
"2715",7,76.6,69.3,4.4,0.76878612716763
"2815",2,75.5,69.6,3.9,0.407514450867052
"2915",1,71.7,66.1,3.2,0.0115606936416185
"3015",3,73.1,65.1,2.2,0.456647398843931
"3115",4,73.4,64.3,3.8,0.485549132947977
"3214",5,72.2,68.4,2.5,0.705202312138728
"3314",6,75,68.4,2.7,0.572254335260116
"3414",7,77.9,70.8,4.4,0.627167630057804
"3515",2,77.9,71.7,4.1,0.566473988439306
"3615",1,78.1,72.4,6.1,0.421965317919075
"3715",3,77.3,66.9,5.5,0.638728323699422
"3815",4,75.2,58.1,1.2,0.505780346820809
"3915",5,77.8,67.1,1.1,0.450867052023121
"4015",6,78.2,69.6,2.3,0.604046242774566
"4115",7,75.3,71.3,5.4,0.708092485549133
"4215",2,77.7,71.5,6.9,0.390173410404624
"4315",1,77.8,65.4,5.7,0.384393063583815
"4415",3,76.3,61.2,4.3,0.38150289017341
"4515",4,76,62.6,2.3,0.427745664739884
"4615",5,73.6,68.9,3.5,0.664739884393064
"4715",6,74,64.3,3.1,0.696531791907514
"4815",7,77.9,60.7,3.3,0.583815028901734
"4915",2,69.8,63.7,4.1,0.485549132947977
"5015",1,68.7,55,1.3,0.274566473988439
"5114",3,71.4,56.7,0.8,0.291907514450867
"5214",4,72.8,57.2,2.5,0.317919075144509
"5315",5,73.8,60.3,1.7,0.38150289017341
"5414",6,74.7,61.7,2,0.583815028901734
"5510",7,77.3,60.9,2,0.661849710982659
"566",2,75.7,65.2,3.2,0.294797687861272
"576",1,73.9,62.4,4.6,0.286127167630058
"586",3,71.9,66.3,2.7,0.508670520231214
"596",4,77.9,67.4,6,0.621387283236994
"606",5,73.3,53.2,4.7,0.514450867052023
"6110",6,72,49.4,2.5,0.710982658959538
"626",7,78.7,56.1,3.9,0.950867052023121
"636",2,81.6,61.3,4.7,0.413294797687861
"646",1,75.4,65.9,3.2,0.141618497109827
"656",3,73.8,65.1,4.5,0.00289017341040462
"666",4,72.6,68.4,4.7,0.676300578034682
"676",5,75.2,71.5,5.4,0.661849710982659
"686",6,73.2,65.3,2.3,0.578034682080925
"696",7,77,67.8,2.7,0.890173410404624
"706",2,75.3,69.6,5.8,0.653179190751445
"7110",1,68.4,57.3,3,0.265895953757225
"726",3,65.4,49.1,5.7,0.765895953757225
"736",4,62.8,41.8,3.1,0.430635838150289
"746",5,68.5,49.7,2.1,0.80635838150289
"756",6,70.4,54.8,3.2,0.751445086705202
"766",7,70.5,57.7,2.3,0.684971098265896
"776",2,67.2,54.1,5.1,0.534682080924855
"786",1,65.1,46.5,1.9,0.248554913294798
"796",3,66.5,48,2.2,0.23121387283237
"806",4,70.6,64.8,5.5,0.531791907514451
"8110",5,66.7,56.1,6.3,0.69364161849711
"826",6,61,48.3,4.6,0.433526011560694
"836",7,64.7,53.7,4.7,0.815028901734104
"846",2,66.3,60.6,5.6,0.505780346820809
"856",1,63.8,50.3,6.4,0.312138728323699
"866",3,59,40.4,3.3,0.549132947976879
"876",4,62,43.4,4.9,0.641618497109827
"886",5,67.7,56.8,4.3,0.092485549132948
"896",6,69,60.4,1.8,0.716763005780347
"906",7,65.2,61.8,5.1,0.956647398843931
"9110",2,62.4,58.8,3.9,0.326589595375723
"926",1,60.5,52.5,3.9,0.222543352601156
"936",3,60.6,46.8,4.7,0.528901734104046
"946",4,63.7,54.2,2.4,0.638728323699422
"956",5,65.6,64.3,3.5,0.375722543352601
"966",6,68.6,66.2,2.2,0.526011560693642
"976",7,67.8,59.7,3.3,0.927745664739884
"986",2,66.1,57.9,5.2,0.369942196531792
"996",1,52.5,42.3,2,0.315028901734104
"1006",3,49.9,42.9,3.5,0.0115606936416185
"10110",4,53.8,48.5,5.6,0.572254335260116
"1026",5,58.2,53.8,5.2,0.774566473988439
"1036",6,53.4,35.3,5.5,0.823699421965318
"1046",7,51.2,35.9,5.3,0.641618497109827
"1056",2,45.2,25.9,3.1,0.505780346820809
"1066",1,58.7,45.9,5,0.419075144508671
"1076",3,65.3,57.8,4.5,0.679190751445087
"1086",4,55.8,42.5,5.8,0.664739884393064
"1096",5,51.9,38,1.3,0.702312138728324
"1108",6,56.8,46.7,3.1,0.745664739884393
"1126",2,62.7,58.6,6.3,0.621387283236994
"1136",1,56.5,39,5,0.15606936416185
"1146",3,57.8,40.1,4.3,0.684971098265896
"1156",4,59,44.9,2.2,0.433526011560694
"1166",5,57.1,53.5,4.1,0.352601156069364
"1176",6,58,51.3,3,0.401734104046243
"1186",7,60.8,53.4,1.5,0.653179190751445
"1196",2,61.9,53.9,4.3,0.439306358381503
"1206",1,57.7,50,11.9,0.0895953757225433
"1226",4,53.9,48.9,8.9,0
"1236",5,49.7,43.2,5.5,0.511560693641618
"1246",6,47.7,37.4,6,0.19364161849711
"1286",3,42.3,27.3,5.5,0.309248554913295
"1296",4,36.6,17.4,4.8,0.410404624277457
"1306",5,37.1,27.1,10.1,1
"13110",6,41.2,35.1,15.2,0.514450867052023
"1326",7,43.3,25.8,9.6,0.913294797687861
"1336",2,48,35,2,0.208092485549133
"1346",1,54.7,45.1,1.6,0.445086705202312
"1356",3,56.7,50.2,2.9,0.505780346820809
"1366",4,52.4,47.5,6.1,0.797687861271676
"1376",5,42.8,29.9,7.7,0.73121387283237
"1386",6,40.4,25,5.3,0.725433526011561
"1396",7,41.9,29.5,5.8,0.867052023121387
"1406",2,43.6,27.9,4.7,0.491329479768786
"14110",1,43.2,31,5.5,0.213872832369942
"1426",3,43,34.8,6.3,0.615606936416185
"1436",4,44.4,32.8,3.6,0.864161849710983
"1446",5,46.5,32.7,4.2,0.916184971098266
"1456",6,47.3,36.2,3.4,0.0346820809248555
"1466",7,48.3,40.8,3.4,0.315028901734104
"1476",2,44.1,27.7,7.6,0.248554913294798
"1486",1,36.6,17.2,7.1,0.124277456647399
"1496",3,40.3,19.7,4.9,0.552023121387283
"1506",4,38.7,27.2,4.4,0.609826589595376
"15110",5,37.5,28.8,7.1,0.404624277456647
"1526",6,37.5,21.9,5.8,0.413294797687861
"1536",7,41.3,25.8,4.7,0.589595375722543
"1546",2,38.5,32.1,9.2,0.312138728323699
"1556",1,44.3,41,3,0.239884393063584
"1566",3,53.5,45.3,3.9,0.719653179190751
"1576",4,51.9,47.1,2.9,0.719653179190751
"1586",5,52.6,41.5,6.3,0.410404624277457
"1596",6,35,16.8,3.6,0.716763005780347
"1606",7,38.8,30.9,1.9,0.988439306358382
"16110",2,47.3,46,3.5,0.601156069364162
"1626",1,46.2,41.7,5.4,0.497109826589595
"1636",3,50.3,49.5,5.7,0.713872832369942
"1646",4,50.1,43.2,6,0.595375722543353
"1656",5,40.1,23.6,3.3,0.514450867052023
"1666",6,40.3,24.6,1.7,0.5
"1676",7,41.4,23.2,4.1,0.797687861271676
"1686",2,42.6,27.1,2.8,0.436416184971098
"1696",1,44.5,37.8,6.5,0.369942196531792
"1706",3,42,40.4,9.5,0.800578034682081
"1719",4,47.3,44.5,7,0.789017341040462
"1726",5,44,30.5,9.3,0.630057803468208
"1736",6,39.8,29,8.5,0.676300578034682
"1756",2,37.4,25,10.6,0.491329479768786
"1766",1,37.8,20.5,7.6,0.104046242774566
"1776",3,37,19.8,3,0.421965317919075
"1796",5,32.2,25.3,9.5,0.459537572254335
"1806",6,39.1,37.1,12.4,0.442196531791907
"18110",7,33,22.4,10,0.534682080924855
"1826",2,32.5,26.2,5.3,0.202312138728324
"1836",1,32.4,21.1,11.9,0.11271676300578
"1846",3,31.5,17.2,6.8,0.317919075144509
